date and time,water level (m)
2016-01-01 00:00:00,              5
2016-01-01 00:20:00,      -0.538821
2016-01-01 00:40:00,      -0.355796
2016-01-01 01:00:00,      -0.254073
2016-01-01 01:20:00,      -0.307712
2016-01-01 01:40:00,      0.0522037
2016-01-01 02:00:00,      -0.115058
2016-01-01 02:20:00,      0.0825117
2016-01-01 02:40:00,       0.114126
2016-01-01 03:00:00,       0.220707
2016-01-01 03:20:00,       0.212687
2016-01-01 03:40:00,       0.230925
2016-01-01 04:00:00,       0.152833
2016-01-01 04:20:00,       0.302798
2016-01-01 04:40:00,       0.271901
2016-01-01 05:00:00,       0.384071
2016-01-01 05:20:00,       0.438218
2016-01-01 05:40:00,       0.500735
2016-01-01 06:00:00,       0.440314
2016-01-01 06:20:00,       0.463251
2016-01-01 06:40:00,        0.38252
2016-01-01 07:00:00,       0.360553
2016-01-01 07:20:00,       0.268214
2016-01-01 07:40:00,       0.200632
2016-01-01 08:00:00,         0.1218
2016-01-01 08:20:00,      0.0523895
2016-01-01 08:40:00,      -0.033003
2016-01-01 09:00:00,     -0.0904379
2016-01-01 09:20:00,      -0.166428
2016-01-01 09:40:00,      -0.208568
2016-01-01 10:00:00,      -0.288399
2016-01-01 10:20:00,      -0.315346
2016-01-01 10:40:00,      -0.380376
2016-01-01 11:00:00,      -0.401399
2016-01-01 11:20:00,      -0.436656
2016-01-01 11:40:00,      -0.451727
2016-01-01 12:00:00,      -0.452913
2016-01-01 12:20:00,      -0.445374
2016-01-01 12:40:00,       -0.42096
2016-01-01 13:00:00,      -0.396489
2016-01-01 13:20:00,      -0.347769
2016-01-01 13:40:00,      -0.301637
2016-01-01 14:00:00,       -0.23651
2016-01-01 14:20:00,      -0.178555
2016-01-01 14:40:00,      -0.100792
2016-01-01 15:00:00,     -0.0337942
2016-01-01 15:20:00,      0.0412676
2016-01-01 15:40:00,       0.105471
2016-01-01 16:00:00,       0.174177
2016-01-01 16:20:00,       0.228706
2016-01-01 16:40:00,       0.280545
2016-01-01 17:00:00,       0.319896
2016-01-01 17:20:00,       0.354437
2016-01-01 17:40:00,       0.370226
2016-01-01 18:00:00,       0.381231
2016-01-01 18:20:00,       0.377733
2016-01-01 18:40:00,       0.368776
2016-01-01 19:00:00,       0.343815
2016-01-01 19:20:00,       0.316098
2016-01-01 19:40:00,       0.274847
2016-01-01 20:00:00,       0.229809
2016-01-01 20:20:00,       0.173363
2016-01-01 20:40:00,       0.116974
2016-01-01 21:00:00,      0.0513494
2016-01-01 21:20:00,     -0.0103443
2016-01-01 21:40:00,     -0.0755587
2016-01-01 22:00:00,      -0.134991
2016-01-01 22:20:00,      -0.193533
2016-01-01 22:40:00,      -0.241934
2016-01-01 23:00:00,      -0.286672
2016-01-01 23:20:00,      -0.319254
2016-01-01 23:40:00,       -0.34578
2016-01-02 00:00:00,      -0.360094
2016-01-02 00:20:00,      -0.365969
2016-01-02 00:40:00,      -0.360628
2016-01-02 01:00:00,      -0.345868
2016-01-02 01:20:00,      -0.323288
2016-01-02 01:40:00,        -0.2888
2016-01-02 02:00:00,      -0.250682
2016-01-02 02:20:00,      -0.203895
2016-01-02 02:40:00,      -0.153293
2016-01-02 03:00:00,     -0.0987679
2016-01-02 03:20:00,       -0.04271
2016-01-02 03:40:00,      0.0144861
2016-01-02 04:00:00,      0.0709361
2016-01-02 04:20:00,       0.125975
2016-01-02 04:40:00,       0.176732
2016-01-02 05:00:00,       0.224056
2016-01-02 05:20:00,       0.263845
2016-01-02 05:40:00,        0.29742
2016-01-02 06:00:00,       0.321809
2016-01-02 06:20:00,       0.336916
2016-01-02 06:40:00,       0.341917
2016-01-02 07:00:00,       0.338308
2016-01-02 07:20:00,        0.32296
2016-01-02 07:40:00,       0.301662
2016-01-02 08:00:00,       0.270538
2016-01-02 08:20:00,       0.235302
2016-01-02 08:40:00,       0.192764
2016-01-02 09:00:00,       0.146938
2016-01-02 09:20:00,      0.0975229
2016-01-02 09:40:00,      0.0463505
2016-01-02 10:00:00,    -0.00688397
2016-01-02 10:20:00,     -0.0583604
2016-01-02 10:40:00,      -0.108965
2016-01-02 11:00:00,      -0.155755
2016-01-02 11:20:00,      -0.198686
2016-01-02 11:40:00,      -0.235306
2016-01-02 12:00:00,      -0.265495
2016-01-02 12:20:00,      -0.288188
2016-01-02 12:40:00,      -0.303282
2016-01-02 13:00:00,      -0.309425
2016-01-02 13:20:00,      -0.307132
2016-01-02 13:40:00,      -0.296798
2016-01-02 14:00:00,      -0.277936
2016-01-02 14:20:00,      -0.252321
2016-01-02 14:40:00,      -0.219527
2016-01-02 15:00:00,      -0.181817
2016-01-02 15:20:00,      -0.138652
2016-01-02 15:40:00,      -0.092949
2016-01-02 16:00:00,     -0.0447318
2016-01-02 16:20:00,      0.0039423
2016-01-02 16:40:00,       0.052111
2016-01-02 17:00:00,      0.0985361
2016-01-02 17:20:00,       0.142247
2016-01-02 17:40:00,       0.181387
2016-01-02 18:00:00,       0.216261
2016-01-02 18:20:00,         0.2446
2016-01-02 18:40:00,        0.26637
2016-01-02 19:00:00,       0.281034
2016-01-02 19:20:00,       0.287859
2016-01-02 19:40:00,       0.287104
2016-01-02 20:00:00,       0.278592
2016-01-02 20:20:00,       0.262369
2016-01-02 20:40:00,       0.239631
2016-01-02 21:00:00,       0.209866
2016-01-02 21:20:00,       0.175579
2016-01-02 21:40:00,       0.136554
2016-01-02 22:00:00,      0.0941193
2016-01-02 22:20:00,      0.0492888
2016-01-02 22:40:00,     0.00336074
2016-01-02 23:00:00,     -0.0425594
2016-01-02 23:20:00,     -0.0871683
2016-01-02 23:40:00,      -0.129584
2016-01-03 00:00:00,      -0.167983
2016-01-03 00:20:00,      -0.202264
2016-01-03 00:40:00,      -0.230857
2016-01-03 01:00:00,      -0.253538
2016-01-03 01:20:00,      -0.269536
2016-01-03 01:40:00,      -0.278478
2016-01-03 02:00:00,      -0.280196
2016-01-03 02:20:00,      -0.274627
2016-01-03 02:40:00,      -0.261869
2016-01-03 03:00:00,      -0.242455
2016-01-03 03:20:00,      -0.216728
2016-01-03 03:40:00,      -0.185422
2016-01-03 04:00:00,      -0.149533
2016-01-03 04:20:00,      -0.109825
2016-01-03 04:40:00,     -0.0674646
2016-01-03 05:00:00,     -0.0233977
2016-01-03 05:20:00,       0.021122
2016-01-03 05:40:00,      0.0649316
2016-01-03 06:00:00,       0.106899
2016-01-03 06:20:00,       0.146266
2016-01-03 06:40:00,       0.181666
2016-01-03 07:00:00,       0.212633
2016-01-03 07:20:00,       0.237957
2016-01-03 07:40:00,       0.257261
2016-01-03 08:00:00,       0.269805
2016-01-03 08:20:00,       0.275511
2016-01-03 08:40:00,       0.274082
2016-01-03 09:00:00,       0.265394
2016-01-03 09:20:00,       0.249024
2016-01-03 09:40:00,        0.22593
2016-01-03 10:00:00,       0.196419
2016-01-03 10:20:00,       0.161691
2016-01-03 10:40:00,        0.12237
2016-01-03 11:00:00,      0.0796039
2016-01-03 11:20:00,       0.034663
2016-01-03 11:40:00,     -0.0113607
2016-01-03 12:00:00,     -0.0573215
2016-01-03 12:20:00,      -0.103189
2016-01-03 12:40:00,      -0.147053
2016-01-03 13:00:00,      -0.187755
2016-01-03 13:20:00,      -0.223431
2016-01-03 13:40:00,      -0.253858
2016-01-03 14:00:00,      -0.278302
2016-01-03 14:20:00,      -0.296108
2016-01-03 14:40:00,      -0.306689
2016-01-03 15:00:00,      -0.309664
2016-01-03 15:20:00,      -0.305383
2016-01-03 15:40:00,      -0.293885
2016-01-03 16:00:00,      -0.275202
2016-01-03 16:20:00,      -0.250513
2016-01-03 16:40:00,      -0.220081
2016-01-03 17:00:00,      -0.184736
2016-01-03 17:20:00,      -0.145394
2016-01-03 17:40:00,       -0.10316
2016-01-03 18:00:00,     -0.0593438
2016-01-03 18:20:00,     -0.0145464
2016-01-03 18:40:00,      0.0298811
2016-01-03 19:00:00,      0.0728534
2016-01-03 19:20:00,       0.113083
2016-01-03 19:40:00,       0.149418
2016-01-03 20:00:00,       0.180766
2016-01-03 20:20:00,        0.20626
2016-01-03 20:40:00,       0.225288
2016-01-03 21:00:00,        0.23715
2016-01-03 21:20:00,       0.241429
2016-01-03 21:40:00,        0.23793
2016-01-03 22:00:00,       0.226705
2016-01-03 22:20:00,       0.208393
2016-01-03 22:40:00,       0.183724
2016-01-03 23:00:00,       0.153906
2016-01-03 23:20:00,       0.119743
2016-01-03 23:40:00,      0.0819409
2016-01-04 00:00:00,      0.0410635
2016-01-04 00:20:00,    -0.00264568
2016-01-04 00:40:00,     -0.0480313
2016-01-04 01:00:00,     -0.0938853
2016-01-04 01:20:00,      -0.138768
2016-01-04 01:40:00,      -0.181437
2016-01-04 02:00:00,      -0.220478
2016-01-04 02:20:00,      -0.254752
2016-01-04 02:40:00,      -0.283116
2016-01-04 03:00:00,      -0.304647
2016-01-04 03:20:00,      -0.318416
2016-01-04 03:40:00,      -0.324155
2016-01-04 04:00:00,      -0.321635
2016-01-04 04:20:00,      -0.310989
2016-01-04 04:40:00,      -0.292223
2016-01-04 05:00:00,        -0.2658
2016-01-04 05:20:00,      -0.232279
2016-01-04 05:40:00,      -0.192322
2016-01-04 06:00:00,      -0.147017
2016-01-04 06:20:00,     -0.0974386
2016-01-04 06:40:00,     -0.0450728
2016-01-04 07:00:00,     0.00874924
2016-01-04 07:20:00,      0.0623037
2016-01-04 07:40:00,       0.114324
2016-01-04 08:00:00,       0.163029
2016-01-04 08:20:00,       0.207256
2016-01-04 08:40:00,       0.245754
2016-01-04 09:00:00,       0.277408
2016-01-04 09:20:00,       0.301122
2016-01-04 09:40:00,       0.316404
2016-01-04 10:00:00,       0.322251
2016-01-04 10:20:00,       0.318993
2016-01-04 10:40:00,       0.306994
2016-01-04 11:00:00,       0.286418
2016-01-04 11:20:00,       0.257385
2016-01-04 11:40:00,       0.221061
2016-01-04 12:00:00,       0.178902
2016-01-04 12:20:00,       0.130762
2016-01-04 12:40:00,       0.077163
2016-01-04 13:00:00,      0.0205118
2016-01-04 13:20:00,     -0.0368687
2016-01-04 13:40:00,     -0.0939912
2016-01-04 14:00:00,      -0.149978
2016-01-04 14:20:00,      -0.203437
2016-01-04 14:40:00,      -0.252434
2016-01-04 15:00:00,      -0.295441
2016-01-04 15:20:00,      -0.331286
2016-01-04 15:40:00,      -0.359052
2016-01-04 16:00:00,      -0.378189
2016-01-04 16:20:00,      -0.387967
2016-01-04 16:40:00,      -0.388127
2016-01-04 17:00:00,      -0.378405
2016-01-04 17:20:00,      -0.358961
2016-01-04 17:40:00,      -0.330403
2016-01-04 18:00:00,      -0.293474
2016-01-04 18:20:00,       -0.24903
2016-01-04 18:40:00,      -0.198426
2016-01-04 19:00:00,      -0.142596
2016-01-04 19:20:00,     -0.0831271
2016-01-04 19:40:00,     -0.0210409
2016-01-04 20:00:00,      0.0419578
2016-01-04 20:20:00,       0.104011
2016-01-04 20:40:00,       0.163411
2016-01-04 21:00:00,        0.21788
2016-01-04 21:20:00,       0.265931
2016-01-04 21:40:00,       0.306127
2016-01-04 22:00:00,       0.337336
2016-01-04 22:20:00,       0.358827
2016-01-04 22:40:00,       0.369241
2016-01-04 23:00:00,       0.367893
2016-01-04 23:20:00,       0.354569
2016-01-04 23:40:00,       0.330349
2016-01-05 00:00:00,       0.296096
2016-01-05 00:20:00,       0.252364
2016-01-05 00:40:00,       0.200461
2016-01-05 01:00:00,       0.142086
2016-01-05 01:20:00,      0.0788896
2016-01-05 01:40:00,      0.0119269
2016-01-05 02:00:00,       -0.05697
2016-01-05 02:20:00,      -0.125744
2016-01-05 02:40:00,      -0.192477
2016-01-05 03:00:00,      -0.255133
2016-01-05 03:20:00,      -0.311826
2016-01-05 03:40:00,      -0.361039
2016-01-05 04:00:00,      -0.401432
2016-01-05 04:20:00,      -0.432175
2016-01-05 04:40:00,      -0.452023
2016-01-05 05:00:00,      -0.460197
2016-01-05 05:20:00,      -0.455994
2016-01-05 05:40:00,      -0.439776
2016-01-05 06:00:00,      -0.412787
2016-01-05 06:20:00,      -0.375395
2016-01-05 06:40:00,      -0.328093
2016-01-05 07:00:00,      -0.272608
2016-01-05 07:20:00,      -0.210138
2016-01-05 07:40:00,      -0.142278
2016-01-05 08:00:00,     -0.0704329
2016-01-05 08:20:00,     0.00294899
2016-01-05 08:40:00,      0.0758939
2016-01-05 09:00:00,       0.146163
2016-01-05 09:20:00,       0.211107
2016-01-05 09:40:00,       0.269744
2016-01-05 10:00:00,       0.319936
2016-01-05 10:20:00,       0.360411
2016-01-05 10:40:00,       0.389716
2016-01-05 11:00:00,       0.406814
2016-01-05 11:20:00,       0.411371
2016-01-05 11:40:00,       0.403016
2016-01-05 12:00:00,       0.382092
2016-01-05 12:20:00,       0.348109
2016-01-05 12:40:00,       0.302595
2016-01-05 13:00:00,        0.24671
2016-01-05 13:20:00,       0.182395
2016-01-05 13:40:00,        0.11106
2016-01-05 14:00:00,      0.0347152
2016-01-05 14:20:00,     -0.0444736
2016-01-05 14:40:00,      -0.124459
2016-01-05 15:00:00,      -0.202794
2016-01-05 15:20:00,       -0.27696
2016-01-05 15:40:00,      -0.345575
2016-01-05 16:00:00,      -0.406578
2016-01-05 16:20:00,      -0.458781
2016-01-05 16:40:00,      -0.499632
2016-01-05 17:00:00,      -0.527653
2016-01-05 17:20:00,      -0.541898
2016-01-05 17:40:00,      -0.542458
2016-01-05 18:00:00,      -0.529298
2016-01-05 18:20:00,      -0.502514
2016-01-05 18:40:00,       -0.46355
2016-01-05 19:00:00,      -0.413409
2016-01-05 19:20:00,      -0.352627
2016-01-05 19:40:00,       -0.28293
2016-01-05 20:00:00,      -0.206306
2016-01-05 20:20:00,      -0.125141
2016-01-05 20:40:00,      -0.041713
2016-01-05 21:00:00,      0.0416841
2016-01-05 21:20:00,       0.122579
2016-01-05 21:40:00,       0.199275
2016-01-05 22:00:00,       0.268677
2016-01-05 22:20:00,       0.329243
2016-01-05 22:40:00,       0.378937
2016-01-05 23:00:00,        0.41647
2016-01-05 23:20:00,       0.440307
2016-01-05 23:40:00,        0.44954
2016-01-06 00:00:00,       0.444306
2016-01-06 00:20:00,       0.424474
2016-01-06 00:40:00,       0.390388
2016-01-06 01:00:00,       0.342448
2016-01-06 01:20:00,       0.282029
2016-01-06 01:40:00,       0.211692
2016-01-06 02:00:00,       0.133336
2016-01-06 02:20:00,      0.0483969
2016-01-06 02:40:00,     -0.0412645
2016-01-06 03:00:00,      -0.132597
2016-01-06 03:20:00,      -0.216296
2016-01-06 03:40:00,      -0.294235
2016-01-06 04:00:00,      -0.366024
2016-01-06 04:20:00,      -0.431584
2016-01-06 04:40:00,      -0.487596
2016-01-06 05:00:00,      -0.532924
2016-01-06 05:20:00,      -0.565485
2016-01-06 05:40:00,      -0.583267
2016-01-06 06:00:00,      -0.586022
2016-01-06 06:20:00,      -0.570582
2016-01-06 06:40:00,      -0.539189
2016-01-06 07:00:00,      -0.492934
2016-01-06 07:20:00,      -0.433057
2016-01-06 07:40:00,      -0.361573
2016-01-06 08:00:00,      -0.279824
2016-01-06 08:20:00,      -0.190372
2016-01-06 08:40:00,     -0.0952474
2016-01-06 09:00:00,     0.00293641
2016-01-06 09:20:00,       0.101679
2016-01-06 09:40:00,       0.198076
2016-01-06 10:00:00,       0.289228
2016-01-06 10:20:00,        0.37219
2016-01-06 10:40:00,       0.445118
2016-01-06 11:00:00,       0.504774
2016-01-06 11:20:00,       0.550657
2016-01-06 11:40:00,       0.580472
2016-01-06 12:00:00,       0.594082
2016-01-06 12:20:00,       0.590524
2016-01-06 12:40:00,       0.569741
2016-01-06 13:00:00,       0.532871
2016-01-06 13:20:00,        0.48032
2016-01-06 13:40:00,       0.414008
2016-01-06 14:00:00,       0.335615
2016-01-06 14:20:00,       0.247109
2016-01-06 14:40:00,       0.151351
2016-01-06 15:00:00,       0.050806
2016-01-06 15:20:00,     -0.0515292
2016-01-06 15:40:00,      -0.152812
2016-01-06 16:00:00,       -0.25011
2016-01-06 16:20:00,      -0.340519
2016-01-06 16:40:00,       -0.42145
2016-01-06 17:00:00,      -0.490539
2016-01-06 17:20:00,      -0.545584
2016-01-06 17:40:00,       -0.58504
2016-01-06 18:00:00,      -0.607606
2016-01-06 18:20:00,      -0.612629
2016-01-06 18:40:00,      -0.599843
2016-01-06 19:00:00,      -0.569391
2016-01-06 19:20:00,      -0.522232
2016-01-06 19:40:00,      -0.459566
2016-01-06 20:00:00,      -0.383092
2016-01-06 20:20:00,      -0.294998
2016-01-06 20:40:00,       -0.19771
2016-01-06 21:00:00,     -0.0940859
2016-01-06 21:20:00,      0.0129805
2016-01-06 21:40:00,       0.120456
2016-01-06 22:00:00,       0.224929
2016-01-06 22:20:00,       0.323992
2016-01-06 22:40:00,       0.414048
2016-01-06 23:00:00,       0.493058
2016-01-06 23:20:00,       0.558225
2016-01-06 23:40:00,       0.607507
2016-01-07 00:00:00,       0.639908
2016-01-07 00:20:00,       0.653875
2016-01-07 00:40:00,       0.649634
2016-01-07 01:00:00,       0.626283
2016-01-07 01:20:00,        0.58507
2016-01-07 01:40:00,       0.526644
2016-01-07 02:00:00,       0.452942
2016-01-07 02:20:00,       0.365905
2016-01-07 02:40:00,       0.267806
2016-01-07 03:00:00,       0.161843
2016-01-07 03:20:00,      0.0505807
2016-01-07 03:40:00,     -0.0625248
2016-01-07 04:00:00,      -0.174275
2016-01-07 04:20:00,      -0.281555
2016-01-07 04:40:00,      -0.380931
2016-01-07 05:00:00,      -0.469791
2016-01-07 05:20:00,      -0.545424
2016-01-07 05:40:00,      -0.605487
2016-01-07 06:00:00,      -0.648357
2016-01-07 06:20:00,      -0.672596
2016-01-07 06:40:00,      -0.677351
2016-01-07 07:00:00,      -0.662544
2016-01-07 07:20:00,       -0.62833
2016-01-07 07:40:00,      -0.575635
2016-01-07 08:00:00,      -0.506011
2016-01-07 08:20:00,      -0.421288
2016-01-07 08:40:00,      -0.323895
2016-01-07 09:00:00,      -0.216633
2016-01-07 09:20:00,      -0.102604
2016-01-07 09:40:00,       0.015058
2016-01-07 10:00:00,        0.13289
2016-01-07 10:20:00,       0.247458
2016-01-07 10:40:00,       0.355763
2016-01-07 11:00:00,       0.454037
2016-01-07 11:20:00,       0.539836
2016-01-07 11:40:00,       0.610842
2016-01-07 12:00:00,        0.66415
2016-01-07 12:20:00,       0.699245
2016-01-07 12:40:00,       0.714109
2016-01-07 13:00:00,       0.708748
2016-01-07 13:20:00,         0.6827
2016-01-07 13:40:00,       0.637033
2016-01-07 14:00:00,       0.572731
2016-01-07 14:20:00,        0.49183
2016-01-07 14:40:00,       0.396456
2016-01-07 15:00:00,       0.289296
2016-01-07 15:20:00,       0.173886
2016-01-07 15:40:00,      0.0528871
2016-01-07 16:00:00,     -0.0697442
2016-01-07 16:20:00,      -0.190834
2016-01-07 16:40:00,      -0.306683
2016-01-07 17:00:00,      -0.413906
2016-01-07 17:20:00,       -0.50953
2016-01-07 17:40:00,      -0.590473
2016-01-07 18:00:00,      -0.654521
2016-01-07 18:20:00,       -0.69941
2016-01-07 18:40:00,       -0.72352
2016-01-07 19:00:00,       -0.72641
2016-01-07 19:20:00,      -0.707633
2016-01-07 19:40:00,      -0.667896
2016-01-07 20:00:00,      -0.608409
2016-01-07 20:20:00,      -0.530711
2016-01-07 20:40:00,      -0.437069
2016-01-07 21:00:00,      -0.330152
2016-01-07 21:20:00,      -0.212335
2016-01-07 21:40:00,     -0.0882398
2016-01-07 22:00:00,      0.0398163
2016-01-07 22:20:00,       0.166577
2016-01-07 22:40:00,       0.289118
2016-01-07 23:00:00,       0.403401
2016-01-07 23:20:00,       0.506523
2016-01-07 23:40:00,       0.595825
2016-01-08 00:00:00,       0.669357
2016-01-08 00:20:00,       0.723478
2016-01-08 00:40:00,       0.757739
2016-01-08 01:00:00,       0.770563
2016-01-08 01:20:00,       0.761231
2016-01-08 01:40:00,       0.730245
2016-01-08 02:00:00,       0.678235
2016-01-08 02:20:00,        0.60636
2016-01-08 02:40:00,       0.517106
2016-01-08 03:00:00,       0.413069
2016-01-08 03:20:00,       0.296348
2016-01-08 03:40:00,        0.17105
2016-01-08 04:00:00,       0.040334
2016-01-08 04:20:00,     -0.0916437
2016-01-08 04:40:00,      -0.221156
2016-01-08 05:00:00,      -0.344573
2016-01-08 05:20:00,      -0.457996
2016-01-08 05:40:00,      -0.558525
2016-01-08 06:00:00,      -0.642906
2016-01-08 06:20:00,      -0.708179
2016-01-08 06:40:00,      -0.753115
2016-01-08 07:00:00,      -0.776015
2016-01-08 07:20:00,      -0.776553
2016-01-08 07:40:00,        -0.7543
2016-01-08 08:00:00,       -0.70999
2016-01-08 08:20:00,      -0.644945
2016-01-08 08:40:00,        -0.5607
2016-01-08 09:00:00,       -0.46004
2016-01-08 09:20:00,      -0.345249
2016-01-08 09:40:00,      -0.220061
2016-01-08 10:00:00,     -0.0879436
2016-01-08 10:20:00,      0.0473681
2016-01-08 10:40:00,       0.181832
2016-01-08 11:00:00,       0.311538
2016-01-08 11:20:00,       0.432698
2016-01-08 11:40:00,       0.541437
2016-01-08 12:00:00,       0.635745
2016-01-08 12:20:00,       0.710869
2016-01-08 12:40:00,       0.766716
2016-01-08 13:00:00,       0.800427
2016-01-08 13:20:00,       0.810963
2016-01-08 13:40:00,        0.79827
2016-01-08 14:00:00,       0.762599
2016-01-08 14:20:00,       0.704586
2016-01-08 14:40:00,        0.62637
2016-01-08 15:00:00,       0.529896
2016-01-08 15:20:00,       0.417757
2016-01-08 15:40:00,       0.293559
2016-01-08 16:00:00,       0.160392
2016-01-08 16:20:00,      0.0224179
2016-01-08 16:40:00,      -0.116402
2016-01-08 17:00:00,       -0.25221
2016-01-08 17:20:00,      -0.380609
2016-01-08 17:40:00,      -0.498373
2016-01-08 18:00:00,      -0.601825
2016-01-08 18:20:00,      -0.687708
2016-01-08 18:40:00,       -0.75382
2016-01-08 19:00:00,      -0.797897
2016-01-08 19:20:00,      -0.818873
2016-01-08 19:40:00,      -0.815988
2016-01-08 20:00:00,      -0.789292
2016-01-08 20:20:00,      -0.739553
2016-01-08 20:40:00,       -0.66808
2016-01-08 21:00:00,      -0.577055
2016-01-08 21:20:00,      -0.468932
2016-01-08 21:40:00,      -0.346985
2016-01-08 22:00:00,       -0.21461
2016-01-08 22:20:00,     -0.0755757
2016-01-08 22:40:00,      0.0657926
2016-01-08 23:00:00,       0.205789
2016-01-08 23:20:00,        0.33998
2016-01-08 23:40:00,       0.464821
2016-01-09 00:00:00,       0.576325
2016-01-09 00:20:00,       0.671311
2016-01-09 00:40:00,        0.74707
2016-01-09 01:00:00,       0.801152
2016-01-09 01:20:00,       0.832188
2016-01-09 01:40:00,       0.839099
2016-01-09 02:00:00,       0.821582
2016-01-09 02:20:00,       0.780303
2016-01-09 02:40:00,       0.716024
2016-01-09 03:00:00,       0.631031
2016-01-09 03:20:00,        0.52754
2016-01-09 03:40:00,       0.408607
2016-01-09 04:00:00,       0.277601
2016-01-09 04:20:00,       0.138165
2016-01-09 04:40:00,    -0.00551755
2016-01-09 05:00:00,      -0.149373
2016-01-09 05:20:00,      -0.289213
2016-01-09 05:40:00,      -0.420747
2016-01-09 06:00:00,      -0.540446
2016-01-09 06:20:00,      -0.644692
2016-01-09 06:40:00,      -0.730339
2016-01-09 07:00:00,      -0.794965
2016-01-09 07:20:00,      -0.836449
2016-01-09 07:40:00,      -0.853787
2016-01-09 08:00:00,      -0.846357
2016-01-09 08:20:00,        -0.8141
2016-01-09 08:40:00,      -0.758277
2016-01-09 09:00:00,      -0.680175
2016-01-09 09:20:00,      -0.582186
2016-01-09 09:40:00,      -0.467171
2016-01-09 10:00:00,      -0.338152
2016-01-09 10:20:00,      -0.199297
2016-01-09 10:40:00,      -0.054276
2016-01-09 11:00:00,      0.0924856
2016-01-09 11:20:00,       0.236675
2016-01-09 11:40:00,       0.374341
2016-01-09 12:00:00,       0.500854
2016-01-09 12:20:00,       0.613259
2016-01-09 12:40:00,       0.707846
2016-01-09 13:00:00,       0.781825
2016-01-09 13:20:00,       0.833304
2016-01-09 13:40:00,       0.860464
2016-01-09 14:00:00,       0.862489
2016-01-09 14:20:00,       0.839353
2016-01-09 14:40:00,       0.791897
2016-01-09 15:00:00,       0.721197
2016-01-09 15:20:00,       0.629214
2016-01-09 15:40:00,       0.518459
2016-01-09 16:00:00,       0.392145
2016-01-09 16:20:00,       0.253961
2016-01-09 16:40:00,       0.107858
2016-01-09 17:00:00,     -0.0419416
2016-01-09 17:20:00,      -0.191161
2016-01-09 17:40:00,      -0.335478
2016-01-09 18:00:00,      -0.470721
2016-01-09 18:20:00,      -0.594078
2016-01-09 18:40:00,      -0.700703
2016-01-09 19:00:00,      -0.787632
2016-01-09 19:20:00,      -0.851691
2016-01-09 19:40:00,      -0.891427
2016-01-09 20:00:00,       -0.90562
2016-01-09 20:20:00,      -0.893677
2016-01-09 20:40:00,      -0.856142
2016-01-09 21:00:00,      -0.793956
2016-01-09 21:20:00,      -0.709096
2016-01-09 21:40:00,      -0.604558
2016-01-09 22:00:00,      -0.483356
2016-01-09 22:20:00,      -0.349382
2016-01-09 22:40:00,      -0.206036
2016-01-09 23:00:00,     -0.0569357
2016-01-09 23:20:00,       0.093608
2016-01-09 23:40:00,       0.240733
2016-01-10 00:00:00,         0.3808
2016-01-10 00:20:00,       0.508018
2016-01-10 00:40:00,       0.620394
2016-01-10 01:00:00,       0.714582
2016-01-10 01:20:00,       0.787624
2016-01-10 01:40:00,       0.837149
2016-01-10 02:00:00,       0.861506
2016-01-10 02:20:00,       0.860525
2016-01-10 02:40:00,       0.834023
2016-01-10 03:00:00,        0.78334
2016-01-10 03:20:00,       0.709572
2016-01-10 03:40:00,       0.614848
2016-01-10 04:00:00,       0.501828
2016-01-10 04:20:00,       0.373556
2016-01-10 04:40:00,       0.233943
2016-01-10 05:00:00,       0.086836
2016-01-10 05:20:00,     -0.0631975
2016-01-10 05:40:00,      -0.211856
2016-01-10 06:00:00,      -0.354627
2016-01-10 06:20:00,      -0.487101
2016-01-10 06:40:00,       -0.60569
2016-01-10 07:00:00,      -0.706653
2016-01-10 07:20:00,      -0.787122
2016-01-10 07:40:00,      -0.844716
2016-01-10 08:00:00,      -0.877728
2016-01-10 08:20:00,      -0.885277
2016-01-10 08:40:00,       -0.86697
2016-01-10 09:00:00,      -0.823388
2016-01-10 09:20:00,      -0.756914
2016-01-10 09:40:00,      -0.668604
2016-01-10 10:00:00,      -0.561109
2016-01-10 10:20:00,      -0.436941
2016-01-10 10:40:00,      -0.300411
2016-01-10 11:00:00,      -0.155098
2016-01-10 11:20:00,    -0.00518006
2016-01-10 11:40:00,        0.14492
2016-01-10 12:00:00,       0.291032
2016-01-10 12:20:00,        0.42847
2016-01-10 12:40:00,       0.553598
2016-01-10 13:00:00,       0.662557
2016-01-10 13:20:00,       0.752047
2016-01-10 13:40:00,       0.819556
2016-01-10 14:00:00,       0.863042
2016-01-10 14:20:00,       0.880893
2016-01-10 14:40:00,       0.873044
2016-01-10 15:00:00,       0.839359
2016-01-10 15:20:00,        0.78087
2016-01-10 15:40:00,       0.699437
2016-01-10 16:00:00,       0.597157
2016-01-10 16:20:00,       0.477237
2016-01-10 16:40:00,       0.343007
2016-01-10 17:00:00,        0.19826
2016-01-10 17:20:00,        0.04738
2016-01-10 17:40:00,      -0.105411
2016-01-10 18:00:00,      -0.255496
2016-01-10 18:20:00,      -0.398454
2016-01-10 18:40:00,       -0.53034
2016-01-10 19:00:00,      -0.647295
2016-01-10 19:20:00,      -0.746256
2016-01-10 19:40:00,      -0.824025
2016-01-10 20:00:00,      -0.878571
2016-01-10 20:20:00,       -0.90834
2016-01-10 20:40:00,       -0.91234
2016-01-10 21:00:00,      -0.890542
2016-01-10 21:20:00,      -0.844025
2016-01-10 21:40:00,      -0.773082
2016-01-10 22:00:00,      -0.679945
2016-01-10 22:20:00,       -0.56702
2016-01-10 22:40:00,       -0.43826
2016-01-10 23:00:00,       -0.29731
2016-01-10 23:20:00,      -0.148485
2016-01-10 23:40:00,     0.00395281
2016-01-11 00:00:00,        0.15575
2016-01-11 00:20:00,       0.302594
2016-01-11 00:40:00,       0.440627
2016-01-11 01:00:00,       0.566219
2016-01-11 01:20:00,       0.674596
2016-01-11 01:40:00,       0.764196
2016-01-11 02:00:00,       0.830157
2016-01-11 02:20:00,       0.871641
2016-01-11 02:40:00,       0.887038
2016-01-11 03:00:00,       0.875633
2016-01-11 03:20:00,       0.838923
2016-01-11 03:40:00,       0.777829
2016-01-11 04:00:00,       0.693969
2016-01-11 04:20:00,       0.589926
2016-01-11 04:40:00,       0.468843
2016-01-11 05:00:00,       0.334129
2016-01-11 05:20:00,        0.19039
2016-01-11 05:40:00,      0.0409884
2016-01-11 06:00:00,      -0.109133
2016-01-11 06:20:00,       -0.25677
2016-01-11 06:40:00,      -0.397338
2016-01-11 07:00:00,       -0.52621
2016-01-11 07:20:00,      -0.640096
2016-01-11 07:40:00,      -0.735663
2016-01-11 08:00:00,      -0.810236
2016-01-11 08:20:00,      -0.861708
2016-01-11 08:40:00,      -0.888667
2016-01-11 09:00:00,      -0.890186
2016-01-11 09:20:00,      -0.866073
2016-01-11 09:40:00,       -0.81764
2016-01-11 10:00:00,      -0.745085
2016-01-11 10:20:00,      -0.650325
2016-01-11 10:40:00,      -0.537467
2016-01-11 11:00:00,      -0.409977
2016-01-11 11:20:00,      -0.270826
2016-01-11 11:40:00,      -0.124587
2016-01-11 12:00:00,      0.0238024
2016-01-11 12:20:00,       0.170317
2016-01-11 12:40:00,       0.310982
2016-01-11 13:00:00,       0.441954
2016-01-11 13:20:00,       0.559182
2016-01-11 13:40:00,       0.658391
2016-01-11 14:00:00,       0.738631
2016-01-11 14:20:00,       0.796092
2016-01-11 14:40:00,       0.829077
2016-01-11 15:00:00,       0.837327
2016-01-11 15:20:00,       0.819359
2016-01-11 15:40:00,       0.776306
2016-01-11 16:00:00,       0.709387
2016-01-11 16:20:00,       0.620951
2016-01-11 16:40:00,       0.513347
2016-01-11 17:00:00,       0.389584
2016-01-11 17:20:00,       0.253384
2016-01-11 17:40:00,       0.108799
2016-01-11 18:00:00,      -0.040084
2016-01-11 18:20:00,      -0.190401
2016-01-11 18:40:00,      -0.336486
2016-01-11 19:00:00,       -0.47386
2016-01-11 19:20:00,      -0.598012
2016-01-11 19:40:00,      -0.705809
2016-01-11 20:00:00,      -0.794125
2016-01-11 20:20:00,      -0.860381
2016-01-11 20:40:00,      -0.902865
2016-01-11 21:00:00,       -0.92069
2016-01-11 21:20:00,      -0.914046
2016-01-11 21:40:00,      -0.883913
2016-01-11 22:00:00,      -0.830104
2016-01-11 22:20:00,      -0.750941
2016-01-11 22:40:00,      -0.647353
2016-01-11 23:00:00,      -0.525391
2016-01-11 23:20:00,      -0.390234
2016-01-11 23:40:00,      -0.246017
2016-01-12 00:00:00,     -0.0962521
2016-01-12 00:20:00,      0.0544005
2016-01-12 00:40:00,       0.201286
2016-01-12 01:00:00,       0.340196
2016-01-12 01:20:00,        0.46708
2016-01-12 01:40:00,       0.579295
2016-01-12 02:00:00,       0.674721
2016-01-12 02:20:00,       0.750289
2016-01-12 02:40:00,       0.801993
2016-01-12 03:00:00,       0.827775
2016-01-12 03:20:00,       0.827923
2016-01-12 03:40:00,       0.803072
2016-01-12 04:00:00,       0.754594
2016-01-12 04:20:00,       0.683485
2016-01-12 04:40:00,       0.591926
2016-01-12 05:00:00,       0.482453
2016-01-12 05:20:00,       0.358319
2016-01-12 05:40:00,        0.22302
2016-01-12 06:00:00,       0.080345
2016-01-12 06:20:00,     -0.0660515
2016-01-12 06:40:00,      -0.211503
2016-01-12 07:00:00,      -0.351878
2016-01-12 07:20:00,      -0.482938
2016-01-12 07:40:00,      -0.601223
2016-01-12 08:00:00,      -0.703095
2016-01-12 08:20:00,       -0.78595
2016-01-12 08:40:00,      -0.847197
2016-01-12 09:00:00,      -0.885045
2016-01-12 09:20:00,      -0.898181
2016-01-12 09:40:00,      -0.886546
2016-01-12 10:00:00,      -0.850445
2016-01-12 10:20:00,      -0.790845
2016-01-12 10:40:00,      -0.709157
2016-01-12 11:00:00,      -0.607807
2016-01-12 11:20:00,      -0.490032
2016-01-12 11:40:00,      -0.359675
2016-01-12 12:00:00,      -0.220691
2016-01-12 12:20:00,     -0.0768181
2016-01-12 12:40:00,      0.0677391
2016-01-12 13:00:00,       0.208674
2016-01-12 13:20:00,       0.342155
2016-01-12 13:40:00,       0.464391
2016-01-12 14:00:00,        0.57191
2016-01-12 14:20:00,       0.661801
2016-01-12 14:40:00,       0.731226
2016-01-12 15:00:00,       0.778696
2016-01-12 15:20:00,       0.802159
2016-01-12 15:40:00,       0.801591
2016-01-12 16:00:00,       0.776889
2016-01-12 16:20:00,       0.728969
2016-01-12 16:40:00,        0.65935
2016-01-12 17:00:00,       0.569852
2016-01-12 17:20:00,       0.463341
2016-01-12 17:40:00,       0.342938
2016-01-12 18:00:00,       0.212071
2016-01-12 18:20:00,      0.0683881
2016-01-12 18:40:00,     -0.0795345
2016-01-12 19:00:00,      -0.225495
2016-01-12 19:20:00,      -0.362739
2016-01-12 19:40:00,      -0.488051
2016-01-12 20:00:00,      -0.597546
2016-01-12 20:20:00,      -0.688735
2016-01-12 20:40:00,      -0.760532
2016-01-12 21:00:00,       -0.81092
2016-01-12 21:20:00,      -0.840691
2016-01-12 21:40:00,      -0.847341
2016-01-12 22:00:00,      -0.829784
2016-01-12 22:20:00,      -0.787929
2016-01-12 22:40:00,      -0.723024
2016-01-12 23:00:00,      -0.638619
2016-01-12 23:20:00,      -0.537059
2016-01-12 23:40:00,      -0.421597
2016-01-13 00:00:00,      -0.294964
2016-01-13 00:20:00,      -0.160464
2016-01-13 00:40:00,     -0.0221483
2016-01-13 01:00:00,       0.116521
2016-01-13 01:20:00,        0.25133
2016-01-13 01:40:00,       0.378195
2016-01-13 02:00:00,       0.493886
2016-01-13 02:20:00,       0.594788
2016-01-13 02:40:00,       0.678035
2016-01-13 03:00:00,       0.741468
2016-01-13 03:20:00,       0.782976
2016-01-13 03:40:00,       0.802155
2016-01-13 04:00:00,       0.797745
2016-01-13 04:20:00,       0.770073
2016-01-13 04:40:00,       0.720905
2016-01-13 05:00:00,       0.650606
2016-01-13 05:20:00,       0.562299
2016-01-13 05:40:00,       0.458163
2016-01-13 06:00:00,       0.341037
2016-01-13 06:20:00,        0.21488
2016-01-13 06:40:00,      0.0828444
2016-01-13 07:00:00,     -0.0509626
2016-01-13 07:20:00,      -0.182351
2016-01-13 07:40:00,      -0.308103
2016-01-13 08:00:00,      -0.424108
2016-01-13 08:20:00,      -0.527295
2016-01-13 08:40:00,      -0.614807
2016-01-13 09:00:00,      -0.683728
2016-01-13 09:20:00,        -0.7329
2016-01-13 09:40:00,      -0.760317
2016-01-13 10:00:00,      -0.765572
2016-01-13 10:20:00,       -0.74869
2016-01-13 10:40:00,      -0.709893
2016-01-13 11:00:00,      -0.650915
2016-01-13 11:20:00,      -0.573063
2016-01-13 11:40:00,      -0.478935
2016-01-13 12:00:00,      -0.371267
2016-01-13 12:20:00,      -0.254051
2016-01-13 12:40:00,      -0.129979
2016-01-13 13:00:00,    -0.00279995
2016-01-13 13:20:00,       0.124252
2016-01-13 13:40:00,       0.247374
2016-01-13 14:00:00,       0.363086
2016-01-13 14:20:00,       0.467527
2016-01-13 14:40:00,       0.558547
2016-01-13 15:00:00,       0.632585
2016-01-13 15:20:00,       0.687722
2016-01-13 15:40:00,       0.722793
2016-01-13 16:00:00,       0.736585
2016-01-13 16:20:00,       0.729036
2016-01-13 16:40:00,       0.700416
2016-01-13 17:00:00,       0.651515
2016-01-13 17:20:00,       0.583822
2016-01-13 17:40:00,       0.499429
2016-01-13 18:00:00,       0.400648
2016-01-13 18:20:00,       0.290685
2016-01-13 18:40:00,       0.172266
2016-01-13 19:00:00,      0.0490636
2016-01-13 19:20:00,     -0.0753436
2016-01-13 19:40:00,      -0.197583
2016-01-13 20:00:00,      -0.313744
2016-01-13 20:20:00,      -0.420783
2016-01-13 20:40:00,      -0.515614
2016-01-13 21:00:00,      -0.595385
2016-01-13 21:20:00,      -0.657759
2016-01-13 21:40:00,      -0.700915
2016-01-13 22:00:00,      -0.723881
2016-01-13 22:20:00,      -0.726083
2016-01-13 22:40:00,      -0.707355
2016-01-13 23:00:00,      -0.668571
2016-01-13 23:20:00,      -0.610721
2016-01-13 23:40:00,      -0.535579
2016-01-14 00:00:00,      -0.445513
2016-01-14 00:20:00,      -0.342942
2016-01-14 00:40:00,      -0.231139
2016-01-14 01:00:00,      -0.113089
2016-01-14 01:20:00,     0.00759536
2016-01-14 01:40:00,       0.127471
2016-01-14 02:00:00,       0.243083
2016-01-14 02:20:00,       0.351256
2016-01-14 02:40:00,       0.448731
2016-01-14 03:00:00,       0.532814
2016-01-14 03:20:00,       0.600494
2016-01-14 03:40:00,       0.650795
2016-01-14 04:00:00,       0.681939
2016-01-14 04:20:00,       0.693392
2016-01-14 04:40:00,       0.684952
2016-01-14 05:00:00,       0.656711
2016-01-14 05:20:00,       0.609804
2016-01-14 05:40:00,       0.545601
2016-01-14 06:00:00,        0.46594
2016-01-14 06:20:00,       0.373257
2016-01-14 06:40:00,       0.270355
2016-01-14 07:00:00,       0.159919
2016-01-14 07:20:00,      0.0456269
2016-01-14 07:40:00,     -0.0696421
2016-01-14 08:00:00,      -0.182295
2016-01-14 08:20:00,         -0.289
2016-01-14 08:40:00,       -0.38705
2016-01-14 09:00:00,       -0.47331
2016-01-14 09:20:00,      -0.545648
2016-01-14 09:40:00,      -0.601887
2016-01-14 10:00:00,      -0.640358
2016-01-14 10:20:00,      -0.660333
2016-01-14 10:40:00,       -0.66102
2016-01-14 11:00:00,      -0.642723
2016-01-14 11:20:00,      -0.605873
2016-01-14 11:40:00,      -0.551723
2016-01-14 12:00:00,       -0.48195
2016-01-14 12:20:00,      -0.398927
2016-01-14 12:40:00,      -0.304884
2016-01-14 13:00:00,      -0.202613
2016-01-14 13:20:00,     -0.0948575
2016-01-14 13:40:00,      0.0150108
2016-01-14 14:00:00,       0.124017
2016-01-14 14:20:00,       0.228848
2016-01-14 14:40:00,       0.326664
2016-01-14 15:00:00,       0.414636
2016-01-14 15:20:00,       0.490165
2016-01-14 15:40:00,       0.551792
2016-01-14 16:00:00,       0.596843
2016-01-14 16:20:00,       0.624794
2016-01-14 16:40:00,        0.63472
2016-01-14 17:00:00,       0.626354
2016-01-14 17:20:00,       0.599799
2016-01-14 17:40:00,       0.556518
2016-01-14 18:00:00,        0.49732
2016-01-14 18:20:00,       0.424026
2016-01-14 18:40:00,       0.338995
2016-01-14 19:00:00,       0.244481
2016-01-14 19:20:00,       0.143742
2016-01-14 19:40:00,      0.0391964
2016-01-14 20:00:00,     -0.0658397
2016-01-14 20:20:00,      -0.168271
2016-01-14 20:40:00,      -0.265519
2016-01-14 21:00:00,      -0.354404
2016-01-14 21:20:00,      -0.432754
2016-01-14 21:40:00,      -0.498253
2016-01-14 22:00:00,      -0.548953
2016-01-14 22:20:00,      -0.583856
2016-01-14 22:40:00,      -0.601701
2016-01-14 23:00:00,      -0.602296
2016-01-14 23:20:00,      -0.585683
2016-01-14 23:40:00,      -0.552267
2016-01-15 00:00:00,      -0.503438
2016-01-15 00:20:00,      -0.440407
2016-01-15 00:40:00,      -0.365208
2016-01-15 01:00:00,      -0.280045
2016-01-15 01:20:00,      -0.187266
2016-01-15 01:40:00,     -0.0897623
2016-01-15 02:00:00,     0.00983916
2016-01-15 02:20:00,       0.108535
2016-01-15 02:40:00,       0.203642
2016-01-15 03:00:00,       0.292425
2016-01-15 03:20:00,       0.372157
2016-01-15 03:40:00,        0.44085
2016-01-15 04:00:00,       0.496634
2016-01-15 04:20:00,       0.537749
2016-01-15 04:40:00,       0.563543
2016-01-15 05:00:00,       0.572936
2016-01-15 05:20:00,       0.566208
2016-01-15 05:40:00,       0.543201
2016-01-15 06:00:00,       0.504995
2016-01-15 06:20:00,       0.452865
2016-01-15 06:40:00,       0.388378
2016-01-15 07:00:00,       0.313446
2016-01-15 07:20:00,       0.230221
2016-01-15 07:40:00,       0.141283
2016-01-15 08:00:00,      0.0490848
2016-01-15 08:20:00,     -0.0436512
2016-01-15 08:40:00,      -0.134151
2016-01-15 09:00:00,       -0.21997
2016-01-15 09:20:00,      -0.299201
2016-01-15 09:40:00,      -0.369342
2016-01-15 10:00:00,      -0.428439
2016-01-15 10:20:00,      -0.474606
2016-01-15 10:40:00,      -0.506939
2016-01-15 11:00:00,       -0.52434
2016-01-15 11:20:00,      -0.526398
2016-01-15 11:40:00,      -0.513343
2016-01-15 12:00:00,      -0.485388
2016-01-15 12:20:00,      -0.443421
2016-01-15 12:40:00,      -0.388741
2016-01-15 13:00:00,      -0.323011
2016-01-15 13:20:00,      -0.248312
2016-01-15 13:40:00,      -0.166702
2016-01-15 14:00:00,     -0.0806516
2016-01-15 14:20:00,     0.00742551
2016-01-15 14:40:00,      0.0950003
2016-01-15 15:00:00,       0.179521
2016-01-15 15:20:00,       0.258449
2016-01-15 15:40:00,       0.329559
2016-01-15 16:00:00,       0.391166
2016-01-15 16:20:00,       0.441553
2016-01-15 16:40:00,       0.479117
2016-01-15 17:00:00,       0.503202
2016-01-15 17:20:00,       0.513096
2016-01-15 17:40:00,       0.508594
2016-01-15 18:00:00,       0.490016
2016-01-15 18:20:00,       0.458526
2016-01-15 18:40:00,        0.41451
2016-01-15 19:00:00,       0.359419
2016-01-15 19:20:00,       0.294756
2016-01-15 19:40:00,        0.22251
2016-01-15 20:00:00,       0.144768
2016-01-15 20:20:00,      0.0637384
2016-01-15 20:40:00,     -0.0181914
2016-01-15 21:00:00,     -0.0987738
2016-01-15 21:20:00,      -0.176094
2016-01-15 21:40:00,      -0.247522
2016-01-15 22:00:00,      -0.311239
2016-01-15 22:20:00,      -0.365384
2016-01-15 22:40:00,      -0.408565
2016-01-15 23:00:00,       -0.43974
2016-01-15 23:20:00,      -0.457972
2016-01-15 23:40:00,      -0.463036
2016-01-16 00:00:00,      -0.454737
2016-01-16 00:20:00,      -0.433459
2016-01-16 00:40:00,      -0.399988
2016-01-16 01:00:00,      -0.355349
2016-01-16 01:20:00,      -0.300925
2016-01-16 01:40:00,      -0.238331
2016-01-16 02:00:00,      -0.169388
2016-01-16 02:20:00,     -0.0961762
2016-01-16 02:40:00,      -0.020704
2016-01-16 03:00:00,      0.0547166
2016-01-16 03:20:00,       0.128019
2016-01-16 03:40:00,       0.197137
2016-01-16 04:00:00,       0.260163
2016-01-16 04:20:00,        0.31558
2016-01-16 04:40:00,       0.361704
2016-01-16 05:00:00,       0.397291
2016-01-16 05:20:00,       0.421616
2016-01-16 05:40:00,       0.433781
2016-01-16 06:00:00,        0.43393
2016-01-16 06:20:00,       0.422423
2016-01-16 06:40:00,       0.399247
2016-01-16 07:00:00,       0.365335
2016-01-16 07:20:00,       0.321501
2016-01-16 07:40:00,       0.269094
2016-01-16 08:00:00,       0.209783
2016-01-16 08:20:00,       0.145095
2016-01-16 08:40:00,      0.0770006
2016-01-16 09:00:00,     0.00748116
2016-01-16 09:20:00,     -0.0618259
2016-01-16 09:40:00,      -0.128688
2016-01-16 10:00:00,      -0.191375
2016-01-16 10:20:00,      -0.248158
2016-01-16 10:40:00,      -0.297265
2016-01-16 11:00:00,      -0.337777
2016-01-16 11:20:00,      -0.368319
2016-01-16 11:40:00,      -0.388313
2016-01-16 12:00:00,      -0.397305
2016-01-16 12:20:00,      -0.394739
2016-01-16 12:40:00,      -0.381211
2016-01-16 13:00:00,      -0.356911
2016-01-16 13:20:00,       -0.32278
2016-01-16 13:40:00,      -0.279834
2016-01-16 14:00:00,      -0.229237
2016-01-16 14:20:00,      -0.172635
2016-01-16 14:40:00,      -0.111538
2016-01-16 15:00:00,     -0.0478358
2016-01-16 15:20:00,      0.0160962
2016-01-16 15:40:00,      0.0790936
2016-01-16 16:00:00,       0.139071
2016-01-16 16:20:00,       0.195022
2016-01-16 16:40:00,        0.24525
2016-01-16 17:00:00,       0.288235
2016-01-16 17:20:00,       0.323054
2016-01-16 17:40:00,       0.348719
2016-01-16 18:00:00,       0.364627
2016-01-16 18:20:00,       0.370447
2016-01-16 18:40:00,       0.365976
2016-01-16 19:00:00,       0.351452
2016-01-16 19:20:00,       0.327534
2016-01-16 19:40:00,       0.294689
2016-01-16 20:00:00,       0.254206
2016-01-16 20:20:00,       0.207025
2016-01-16 20:40:00,       0.154498
2016-01-16 21:00:00,      0.0983219
2016-01-16 21:20:00,      0.0398943
2016-01-16 21:40:00,      -0.019222
2016-01-16 22:00:00,     -0.0773589
2016-01-16 22:20:00,      -0.133204
2016-01-16 22:40:00,      -0.184992
2016-01-16 23:00:00,      -0.231406
2016-01-16 23:20:00,      -0.271167
2016-01-16 23:40:00,      -0.303016
2016-01-17 00:00:00,      -0.326417
2016-01-17 00:20:00,      -0.340569
2016-01-17 00:40:00,      -0.345466
2016-01-17 01:00:00,      -0.341078
2016-01-17 01:20:00,      -0.327571
2016-01-17 01:40:00,       -0.30551
2016-01-17 02:00:00,      -0.275391
2016-01-17 02:20:00,      -0.238171
2016-01-17 02:40:00,      -0.194984
2016-01-17 03:00:00,      -0.146867
2016-01-17 03:20:00,     -0.0951268
2016-01-17 03:40:00,     -0.0412346
2016-01-17 04:00:00,      0.0133673
2016-01-17 04:20:00,      0.0670071
2016-01-17 04:40:00,       0.118389
2016-01-17 05:00:00,       0.165999
2016-01-17 05:20:00,       0.208657
2016-01-17 05:40:00,       0.245343
2016-01-17 06:00:00,       0.274968
2016-01-17 06:20:00,       0.296989
2016-01-17 06:40:00,       0.310688
2016-01-17 07:00:00,       0.316098
2016-01-17 07:20:00,       0.312893
2016-01-17 07:40:00,        0.30156
2016-01-17 08:00:00,       0.282176
2016-01-17 08:20:00,       0.255451
2016-01-17 08:40:00,       0.222151
2016-01-17 09:00:00,       0.183188
2016-01-17 09:20:00,        0.13977
2016-01-17 09:40:00,      0.0928667
2016-01-17 10:00:00,      0.0440732
2016-01-17 10:20:00,    -0.00552535
2016-01-17 10:40:00,     -0.0546137
2016-01-17 11:00:00,      -0.101693
2016-01-17 11:20:00,       -0.14581
2016-01-17 11:40:00,      -0.185607
2016-01-17 12:00:00,      -0.220173
2016-01-17 12:20:00,      -0.248603
2016-01-17 12:40:00,      -0.270103
2016-01-17 13:00:00,      -0.284388
2016-01-17 13:20:00,      -0.290925
2016-01-17 13:40:00,      -0.289679
2016-01-17 14:00:00,      -0.280764
2016-01-17 14:20:00,      -0.264349
2016-01-17 14:40:00,      -0.241084
2016-01-17 15:00:00,      -0.211483
2016-01-17 15:20:00,      -0.176663
2016-01-17 15:40:00,      -0.137432
2016-01-17 16:00:00,     -0.0947474
2016-01-17 16:20:00,     -0.0498604
2016-01-17 16:40:00,    -0.00392485
2016-01-17 17:00:00,      0.0419565
2016-01-17 17:20:00,      0.0864168
2016-01-17 17:40:00,       0.128422
2016-01-17 18:00:00,       0.166845
2016-01-17 18:20:00,       0.200613
2016-01-17 18:40:00,       0.229173
2016-01-17 19:00:00,       0.251199
2016-01-17 19:20:00,       0.266827
2016-01-17 19:40:00,       0.275239
2016-01-17 20:00:00,       0.276433
2016-01-17 20:20:00,       0.270392
2016-01-17 20:40:00,        0.25715
2016-01-17 21:00:00,       0.237419
2016-01-17 21:20:00,       0.211305
2016-01-17 21:40:00,       0.179823
2016-01-17 22:00:00,       0.143676
2016-01-17 22:20:00,         0.1036
2016-01-17 22:40:00,      0.0612074
2016-01-17 23:00:00,      0.0170056
2016-01-17 23:20:00,     -0.0273777
2016-01-17 23:40:00,     -0.0709038
2016-01-18 00:00:00,      -0.112701
2016-01-18 00:20:00,      -0.151347
2016-01-18 00:40:00,      -0.186185
2016-01-18 01:00:00,      -0.215952
2016-01-18 01:20:00,      -0.239976
2016-01-18 01:40:00,      -0.257858
2016-01-18 02:00:00,      -0.268778
2016-01-18 02:20:00,      -0.272756
2016-01-18 02:40:00,      -0.269668
2016-01-18 03:00:00,      -0.259463
2016-01-18 03:20:00,      -0.243308
2016-01-18 03:40:00,      -0.220725
2016-01-18 04:00:00,      -0.192642
2016-01-18 04:20:00,      -0.159702
2016-01-18 04:40:00,       -0.12265
2016-01-18 05:00:00,     -0.0827053
2016-01-18 05:20:00,     -0.0406658
2016-01-18 05:40:00,     0.00226003
2016-01-18 06:00:00,      0.0447272
2016-01-18 06:20:00,      0.0866931
2016-01-18 06:40:00,       0.126038
2016-01-18 07:00:00,        0.16226
2016-01-18 07:20:00,       0.194115
2016-01-18 07:40:00,       0.220737
2016-01-18 08:00:00,       0.241824
2016-01-18 08:20:00,       0.256134
2016-01-18 08:40:00,       0.263774
2016-01-18 09:00:00,       0.264281
2016-01-18 09:20:00,       0.257434
2016-01-18 09:40:00,       0.243794
2016-01-18 10:00:00,       0.223372
2016-01-18 10:20:00,       0.196784
2016-01-18 10:40:00,       0.164919
2016-01-18 11:00:00,       0.128228
2016-01-18 11:20:00,      0.0879405
2016-01-18 11:40:00,       0.044921
2016-01-18 12:00:00,    0.000186175
2016-01-18 12:20:00,     -0.0459224
2016-01-18 12:40:00,     -0.0918736
2016-01-18 13:00:00,      -0.136409
2016-01-18 13:20:00,      -0.177995
2016-01-18 13:40:00,      -0.215903
2016-01-18 14:00:00,      -0.248792
2016-01-18 14:20:00,      -0.275956
2016-01-18 14:40:00,      -0.296474
2016-01-18 15:00:00,      -0.309843
2016-01-18 15:20:00,      -0.316222
2016-01-18 15:40:00,      -0.315035
2016-01-18 16:00:00,      -0.306499
2016-01-18 16:20:00,      -0.291042
2016-01-18 16:40:00,      -0.268769
2016-01-18 17:00:00,      -0.240391
2016-01-18 17:20:00,      -0.206811
2016-01-18 17:40:00,      -0.168656
2016-01-18 18:00:00,      -0.127259
2016-01-18 18:20:00,      -0.083051
2016-01-18 18:40:00,     -0.0376958
2016-01-18 19:00:00,     0.00754287
2016-01-18 19:20:00,      0.0509063
2016-01-18 19:40:00,      0.0919886
2016-01-18 20:00:00,       0.129162
2016-01-18 20:20:00,       0.161462
2016-01-18 20:40:00,       0.187911
2016-01-18 21:00:00,       0.207366
2016-01-18 21:20:00,       0.219595
2016-01-18 21:40:00,       0.224306
2016-01-18 22:00:00,       0.221435
2016-01-18 22:20:00,       0.210904
2016-01-18 22:40:00,        0.19262
2016-01-18 23:00:00,       0.167334
2016-01-18 23:20:00,       0.135312
2016-01-18 23:40:00,      0.0974929
2016-01-19 00:00:00,      0.0546041
2016-01-19 00:20:00,     0.00647894
2016-01-19 00:40:00,     -0.0439478
2016-01-19 01:00:00,     -0.0953842
2016-01-19 01:20:00,      -0.146294
2016-01-19 01:40:00,      -0.196171
2016-01-19 02:00:00,      -0.243919
2016-01-19 02:20:00,      -0.288849
2016-01-19 02:40:00,      -0.330267
2016-01-19 03:00:00,      -0.366424
2016-01-19 03:20:00,       -0.39487
2016-01-19 03:40:00,         -0.412
2016-01-19 04:00:00,      -0.415904
2016-01-19 04:20:00,      -0.407357
2016-01-19 04:40:00,       -0.38771
2016-01-19 05:00:00,      -0.359444
2016-01-19 05:20:00,      -0.324007
2016-01-19 05:40:00,      -0.282098
2016-01-19 06:00:00,      -0.234764
2016-01-19 06:20:00,      -0.182374
2016-01-19 06:40:00,      -0.126539
2016-01-19 07:00:00,      -0.068248
2016-01-19 07:20:00,    -0.00883526
2016-01-19 07:40:00,      0.0504976
2016-01-19 08:00:00,       0.108507
2016-01-19 08:20:00,        0.16395
2016-01-19 08:40:00,        0.21536
2016-01-19 09:00:00,       0.261171
2016-01-19 09:20:00,       0.299233
2016-01-19 09:40:00,       0.328801
2016-01-19 10:00:00,        0.34885
2016-01-19 10:20:00,       0.359064
2016-01-19 10:40:00,       0.358923
2016-01-19 11:00:00,        0.34863
2016-01-19 11:20:00,       0.328548
2016-01-19 11:40:00,       0.299007
2016-01-19 12:00:00,       0.260785
2016-01-19 12:20:00,       0.214345
2016-01-19 12:40:00,       0.160679
2016-01-19 13:00:00,       0.100567
2016-01-19 13:20:00,      0.0372767
2016-01-19 13:40:00,      -0.026319
2016-01-19 14:00:00,     -0.0901021
2016-01-19 14:20:00,      -0.153229
2016-01-19 14:40:00,      -0.212612
2016-01-19 15:00:00,      -0.265954
2016-01-19 15:20:00,      -0.312714
2016-01-19 15:40:00,      -0.351941
2016-01-19 16:00:00,      -0.382458
2016-01-19 16:20:00,      -0.402515
2016-01-19 16:40:00,      -0.412035
2016-01-19 17:00:00,        -0.4108
2016-01-19 17:20:00,      -0.398865
2016-01-19 17:40:00,      -0.376436
2016-01-19 18:00:00,      -0.343864
2016-01-19 18:20:00,      -0.301854
2016-01-19 18:40:00,      -0.252053
2016-01-19 19:00:00,       -0.19568
2016-01-19 19:20:00,      -0.134563
2016-01-19 19:40:00,     -0.0700781
2016-01-19 20:00:00,    -0.00408562
2016-01-19 20:20:00,      0.0615334
2016-01-19 20:40:00,       0.124868
2016-01-19 21:00:00,       0.184059
2016-01-19 21:20:00,       0.237047
2016-01-19 21:40:00,       0.282715
2016-01-19 22:00:00,       0.319506
2016-01-19 22:20:00,       0.346632
2016-01-19 22:40:00,       0.362912
2016-01-19 23:00:00,       0.368035
2016-01-19 23:20:00,       0.361486
2016-01-19 23:40:00,       0.343265
2016-01-20 00:00:00,       0.313797
2016-01-20 00:20:00,       0.274747
2016-01-20 00:40:00,       0.226437
2016-01-20 01:00:00,       0.169941
2016-01-20 01:20:00,       0.106568
2016-01-20 01:40:00,      0.0383937
2016-01-20 02:00:00,      -0.032735
2016-01-20 02:20:00,      -0.104661
2016-01-20 02:40:00,      -0.175134
2016-01-20 03:00:00,      -0.242765
2016-01-20 03:20:00,      -0.307409
2016-01-20 03:40:00,      -0.365406
2016-01-20 04:00:00,      -0.414976
2016-01-20 04:20:00,      -0.454044
2016-01-20 04:40:00,      -0.482368
2016-01-20 05:00:00,      -0.498664
2016-01-20 05:20:00,      -0.502329
2016-01-20 05:40:00,      -0.493272
2016-01-20 06:00:00,      -0.471603
2016-01-20 06:20:00,      -0.438071
2016-01-20 06:40:00,      -0.394904
2016-01-20 07:00:00,      -0.343285
2016-01-20 07:20:00,       -0.28361
2016-01-20 07:40:00,      -0.212838
2016-01-20 08:00:00,      -0.131631
2016-01-20 08:20:00,     -0.0446387
2016-01-20 08:40:00,      0.0430568
2016-01-20 09:00:00,       0.126984
2016-01-20 09:20:00,       0.202206
2016-01-20 09:40:00,       0.267971
2016-01-20 10:00:00,        0.32618
2016-01-20 10:20:00,       0.375681
2016-01-20 10:40:00,       0.413011
2016-01-20 11:00:00,       0.438439
2016-01-20 11:20:00,       0.450419
2016-01-20 11:40:00,       0.448398
2016-01-20 12:00:00,       0.433508
2016-01-20 12:20:00,       0.404666
2016-01-20 12:40:00,       0.362848
2016-01-20 13:00:00,       0.309325
2016-01-20 13:20:00,       0.245848
2016-01-20 13:40:00,       0.173722
2016-01-20 14:00:00,      0.0949011
2016-01-20 14:20:00,      0.0117234
2016-01-20 14:40:00,     -0.0735868
2016-01-20 15:00:00,      -0.158533
2016-01-20 15:20:00,      -0.240788
2016-01-20 15:40:00,      -0.318227
2016-01-20 16:00:00,      -0.388487
2016-01-20 16:20:00,       -0.44974
2016-01-20 16:40:00,      -0.499844
2016-01-20 17:00:00,      -0.537682
2016-01-20 17:20:00,      -0.561802
2016-01-20 17:40:00,        -0.5716
2016-01-20 18:00:00,      -0.566706
2016-01-20 18:20:00,      -0.546378
2016-01-20 18:40:00,      -0.511885
2016-01-20 19:00:00,      -0.463903
2016-01-20 19:20:00,      -0.403985
2016-01-20 19:40:00,      -0.333348
2016-01-20 20:00:00,      -0.253827
2016-01-20 20:20:00,      -0.168221
2016-01-20 20:40:00,     -0.0784482
2016-01-20 21:00:00,      0.0123617
2016-01-20 21:20:00,       0.100333
2016-01-20 21:40:00,       0.184686
2016-01-20 22:00:00,       0.262701
2016-01-20 22:20:00,       0.333296
2016-01-20 22:40:00,       0.393171
2016-01-20 23:00:00,       0.440734
2016-01-20 23:20:00,        0.47479
2016-01-20 23:40:00,       0.493712
2016-01-21 00:00:00,       0.497161
2016-01-21 00:20:00,       0.484434
2016-01-21 00:40:00,       0.454568
2016-01-21 01:00:00,        0.40823
2016-01-21 01:20:00,       0.347477
2016-01-21 01:40:00,       0.276444
2016-01-21 02:00:00,       0.197941
2016-01-21 02:20:00,       0.114078
2016-01-21 02:40:00,      0.0265059
2016-01-21 03:00:00,     -0.0631735
2016-01-21 03:20:00,      -0.153444
2016-01-21 03:40:00,       -0.24172
2016-01-21 04:00:00,      -0.325606
2016-01-21 04:20:00,      -0.402344
2016-01-21 04:40:00,      -0.469339
2016-01-21 05:00:00,      -0.524648
2016-01-21 05:20:00,      -0.566013
2016-01-21 05:40:00,      -0.592415
2016-01-21 06:00:00,      -0.602644
2016-01-21 06:20:00,      -0.595872
2016-01-21 06:40:00,      -0.572571
2016-01-21 07:00:00,      -0.532828
2016-01-21 07:20:00,      -0.478087
2016-01-21 07:40:00,      -0.409324
2016-01-21 08:00:00,      -0.328502
2016-01-21 08:20:00,      -0.237985
2016-01-21 08:40:00,      -0.140141
2016-01-21 09:00:00,     -0.0379398
2016-01-21 09:20:00,      0.0656857
2016-01-21 09:40:00,       0.167795
2016-01-21 10:00:00,       0.265529
2016-01-21 10:20:00,       0.355992
2016-01-21 10:40:00,       0.436713
2016-01-21 11:00:00,       0.505364
2016-01-21 11:20:00,       0.559749
2016-01-21 11:40:00,       0.597917
2016-01-21 12:00:00,       0.618617
2016-01-21 12:20:00,       0.619917
2016-01-21 12:40:00,       0.602946
2016-01-21 13:00:00,       0.567449
2016-01-21 13:20:00,       0.515326
2016-01-21 13:40:00,       0.448923
2016-01-21 14:00:00,       0.369705
2016-01-21 14:20:00,        0.27836
2016-01-21 14:40:00,       0.177835
2016-01-21 15:00:00,      0.0721374
2016-01-21 15:20:00,     -0.0356231
2016-01-21 15:40:00,      -0.143815
2016-01-21 16:00:00,      -0.249206
2016-01-21 16:20:00,      -0.348707
2016-01-21 16:40:00,      -0.439092
2016-01-21 17:00:00,      -0.517846
2016-01-21 17:20:00,       -0.58289
2016-01-21 17:40:00,      -0.632323
2016-01-21 18:00:00,      -0.664726
2016-01-21 18:20:00,       -0.67877
2016-01-21 18:40:00,      -0.674188
2016-01-21 19:00:00,      -0.650922
2016-01-21 19:20:00,      -0.609537
2016-01-21 19:40:00,      -0.551224
2016-01-21 20:00:00,      -0.477513
2016-01-21 20:20:00,      -0.390651
2016-01-21 20:40:00,      -0.293267
2016-01-21 21:00:00,      -0.187983
2016-01-21 21:20:00,      -0.078014
2016-01-21 21:40:00,      0.0338377
2016-01-21 22:00:00,       0.144323
2016-01-21 22:20:00,       0.250261
2016-01-21 22:40:00,       0.348395
2016-01-21 23:00:00,       0.435819
2016-01-21 23:20:00,       0.510156
2016-01-21 23:40:00,       0.569086
2016-01-22 00:00:00,         0.6108
2016-01-22 00:20:00,       0.633561
2016-01-22 00:40:00,       0.637086
2016-01-22 01:00:00,        0.62119
2016-01-22 01:20:00,       0.586418
2016-01-22 01:40:00,       0.533491
2016-01-22 02:00:00,       0.463849
2016-01-22 02:20:00,       0.379413
2016-01-22 02:40:00,       0.282437
2016-01-22 03:00:00,       0.175462
2016-01-22 03:20:00,       0.061471
2016-01-22 03:40:00,     -0.0567725
2016-01-22 04:00:00,        -0.1756
2016-01-22 04:20:00,      -0.291302
2016-01-22 04:40:00,       -0.39959
2016-01-22 05:00:00,      -0.496315
2016-01-22 05:20:00,      -0.578651
2016-01-22 05:40:00,      -0.644747
2016-01-22 06:00:00,      -0.693554
2016-01-22 06:20:00,      -0.723721
2016-01-22 06:40:00,      -0.734367
2016-01-22 07:00:00,       -0.72496
2016-01-22 07:20:00,      -0.695618
2016-01-22 07:40:00,      -0.646802
2016-01-22 08:00:00,      -0.579721
2016-01-22 08:20:00,      -0.496102
2016-01-22 08:40:00,      -0.398115
2016-01-22 09:00:00,      -0.288517
2016-01-22 09:20:00,      -0.170728
2016-01-22 09:40:00,     -0.0482199
2016-01-22 10:00:00,       0.075367
2016-01-22 10:20:00,       0.196361
2016-01-22 10:40:00,       0.311465
2016-01-22 11:00:00,        0.41758
2016-01-22 11:20:00,       0.511756
2016-01-22 11:40:00,       0.590026
2016-01-22 12:00:00,       0.650111
2016-01-22 12:20:00,       0.691228
2016-01-22 12:40:00,       0.712462
2016-01-22 13:00:00,        0.71175
2016-01-22 13:20:00,       0.689663
2016-01-22 13:40:00,       0.647671
2016-01-22 14:00:00,       0.586766
2016-01-22 14:20:00,       0.508303
2016-01-22 14:40:00,        0.41416
2016-01-22 15:00:00,       0.307063
2016-01-22 15:20:00,       0.190236
2016-01-22 15:40:00,      0.0665777
2016-01-22 16:00:00,     -0.0603077
2016-01-22 16:20:00,      -0.186816
2016-01-22 16:40:00,      -0.309518
2016-01-22 17:00:00,      -0.424867
2016-01-22 17:20:00,      -0.529511
2016-01-22 17:40:00,      -0.619928
2016-01-22 18:00:00,      -0.692748
2016-01-22 18:20:00,      -0.745536
2016-01-22 18:40:00,      -0.776693
2016-01-22 19:00:00,      -0.785564
2016-01-22 19:20:00,      -0.772364
2016-01-22 19:40:00,      -0.737615
2016-01-22 20:00:00,       -0.68244
2016-01-22 20:20:00,      -0.608131
2016-01-22 20:40:00,      -0.516681
2016-01-22 21:00:00,       -0.41056
2016-01-22 21:20:00,      -0.292732
2016-01-22 21:40:00,      -0.166641
2016-01-22 22:00:00,     -0.0357245
2016-01-22 22:20:00,      0.0963633
2016-01-22 22:40:00,       0.225631
2016-01-22 23:00:00,       0.348672
2016-01-22 23:20:00,       0.461895
2016-01-22 23:40:00,        0.56181
2016-01-23 00:00:00,       0.645793
2016-01-23 00:20:00,          0.711
2016-01-23 00:40:00,       0.755866
2016-01-23 01:00:00,       0.778876
2016-01-23 01:20:00,       0.779398
2016-01-23 01:40:00,       0.757296
2016-01-23 02:00:00,       0.713085
2016-01-23 02:20:00,       0.648143
2016-01-23 02:40:00,       0.564083
2016-01-23 03:00:00,       0.463436
2016-01-23 03:20:00,       0.349065
2016-01-23 03:40:00,       0.224403
2016-01-23 04:00:00,        0.09286
2016-01-23 04:20:00,      -0.041722
2016-01-23 04:40:00,      -0.175439
2016-01-23 05:00:00,      -0.304369
2016-01-23 05:20:00,      -0.424811
2016-01-23 05:40:00,      -0.533156
2016-01-23 06:00:00,       -0.62631
2016-01-23 06:20:00,      -0.701343
2016-01-23 06:40:00,      -0.756123
2016-01-23 07:00:00,      -0.788983
2016-01-23 07:20:00,      -0.798957
2016-01-23 07:40:00,      -0.785639
2016-01-23 08:00:00,      -0.749323
2016-01-23 08:20:00,      -0.691052
2016-01-23 08:40:00,      -0.612395
2016-01-23 09:00:00,      -0.515625
2016-01-23 09:20:00,      -0.403542
2016-01-23 09:40:00,       -0.27933
2016-01-23 10:00:00,      -0.146663
2016-01-23 10:20:00,     -0.0092258
2016-01-23 10:40:00,       0.128904
2016-01-23 11:00:00,       0.263605
2016-01-23 11:20:00,       0.391022
2016-01-23 11:40:00,       0.507514
2016-01-23 12:00:00,       0.609359
2016-01-23 12:20:00,       0.693561
2016-01-23 12:40:00,        0.75792
2016-01-23 13:00:00,       0.800312
2016-01-23 13:20:00,       0.819507
2016-01-23 13:40:00,       0.814614
2016-01-23 14:00:00,       0.786005
2016-01-23 14:20:00,       0.734077
2016-01-23 14:40:00,       0.660565
2016-01-23 15:00:00,       0.567244
2016-01-23 15:20:00,       0.456725
2016-01-23 15:40:00,       0.332451
2016-01-23 16:00:00,       0.197722
2016-01-23 16:20:00,      0.0564857
2016-01-23 16:40:00,     -0.0874567
2016-01-23 17:00:00,       -0.22989
2016-01-23 17:20:00,      -0.366545
2016-01-23 17:40:00,      -0.493295
2016-01-23 18:00:00,      -0.606814
2016-01-23 18:20:00,      -0.703591
2016-01-23 18:40:00,      -0.781171
2016-01-23 19:00:00,      -0.836864
2016-01-23 19:20:00,      -0.869389
2016-01-23 19:40:00,      -0.877713
2016-01-23 20:00:00,      -0.861342
2016-01-23 20:20:00,      -0.820911
2016-01-23 20:40:00,      -0.757735
2016-01-23 21:00:00,      -0.673994
2016-01-23 21:20:00,      -0.571894
2016-01-23 21:40:00,      -0.453993
2016-01-23 22:00:00,      -0.323786
2016-01-23 22:20:00,      -0.185235
2016-01-23 22:40:00,     -0.0425992
2016-01-23 23:00:00,      0.0998418
2016-01-23 23:20:00,       0.238195
2016-01-23 23:40:00,       0.368415
2016-01-24 00:00:00,       0.487139
2016-01-24 00:20:00,       0.589853
2016-01-24 00:40:00,        0.67427
2016-01-24 01:00:00,       0.737324
2016-01-24 01:20:00,       0.777379
2016-01-24 01:40:00,       0.793536
2016-01-24 02:00:00,       0.784907
2016-01-24 02:20:00,       0.751713
2016-01-24 02:40:00,       0.694759
2016-01-24 03:00:00,       0.615683
2016-01-24 03:20:00,       0.516902
2016-01-24 03:40:00,       0.401734
2016-01-24 04:00:00,       0.273098
2016-01-24 04:20:00,       0.134622
2016-01-24 04:40:00,     -0.0100899
2016-01-24 05:00:00,      -0.156525
2016-01-24 05:20:00,      -0.300232
2016-01-24 05:40:00,      -0.437075
2016-01-24 06:00:00,      -0.563328
2016-01-24 06:20:00,      -0.675847
2016-01-24 06:40:00,      -0.771404
2016-01-24 07:00:00,      -0.845779
2016-01-24 07:20:00,      -0.894785
2016-01-24 07:40:00,      -0.916005
2016-01-24 08:00:00,      -0.910789
2016-01-24 08:20:00,       -0.88097
2016-01-24 08:40:00,      -0.828409
2016-01-24 09:00:00,      -0.754962
2016-01-24 09:20:00,      -0.662235
2016-01-24 09:40:00,      -0.551249
2016-01-24 10:00:00,       -0.42449
2016-01-24 10:20:00,      -0.285368
2016-01-24 10:40:00,      -0.138654
2016-01-24 11:00:00,      0.0114196
2016-01-24 11:20:00,       0.160159
2016-01-24 11:40:00,       0.303217
2016-01-24 12:00:00,       0.436961
2016-01-24 12:20:00,       0.556186
2016-01-24 12:40:00,       0.659008
2016-01-24 13:00:00,       0.741985
2016-01-24 13:20:00,       0.803526
2016-01-24 13:40:00,       0.842018
2016-01-24 14:00:00,       0.856785
2016-01-24 14:20:00,       0.847414
2016-01-24 14:40:00,         0.8139
2016-01-24 15:00:00,       0.756834
2016-01-24 15:20:00,        0.67701
2016-01-24 15:40:00,       0.576905
2016-01-24 16:00:00,       0.458827
2016-01-24 16:20:00,       0.326814
2016-01-24 16:40:00,       0.184408
2016-01-24 17:00:00,      0.0358221
2016-01-24 17:20:00,      -0.114406
2016-01-24 17:40:00,      -0.261796
2016-01-24 18:00:00,      -0.401161
2016-01-24 18:20:00,      -0.528672
2016-01-24 18:40:00,      -0.640554
2016-01-24 19:00:00,      -0.733113
2016-01-24 19:20:00,      -0.804245
2016-01-24 19:40:00,      -0.851909
2016-01-24 20:00:00,      -0.874556
2016-01-24 20:20:00,      -0.871766
2016-01-24 20:40:00,      -0.843526
2016-01-24 21:00:00,      -0.790608
2016-01-24 21:20:00,      -0.714251
2016-01-24 21:40:00,      -0.617058
2016-01-24 22:00:00,      -0.501554
2016-01-24 22:20:00,      -0.371356
2016-01-24 22:40:00,      -0.230136
2016-01-24 23:00:00,     -0.0819691
2016-01-24 23:20:00,      0.0688472
2016-01-24 23:40:00,       0.218136
2016-01-25 00:00:00,       0.361249
2016-01-25 00:20:00,       0.493972
2016-01-25 00:40:00,       0.613206
2016-01-25 01:00:00,       0.714009
2016-01-25 01:20:00,       0.794882
2016-01-25 01:40:00,        0.85261
2016-01-25 02:00:00,       0.885799
2016-01-25 02:20:00,       0.893556
2016-01-25 02:40:00,       0.875214
2016-01-25 03:00:00,       0.831922
2016-01-25 03:20:00,       0.764165
2016-01-25 03:40:00,       0.674607
2016-01-25 04:00:00,       0.565302
2016-01-25 04:20:00,       0.439602
2016-01-25 04:40:00,        0.30136
2016-01-25 05:00:00,       0.154323
2016-01-25 05:20:00,     0.00273356
2016-01-25 05:40:00,      -0.148834
2016-01-25 06:00:00,       -0.29595
2016-01-25 06:20:00,      -0.434779
2016-01-25 06:40:00,      -0.560632
2016-01-25 07:00:00,      -0.670272
2016-01-25 07:20:00,      -0.759932
2016-01-25 07:40:00,      -0.827352
2016-01-25 08:00:00,      -0.870353
2016-01-25 08:20:00,      -0.887457
2016-01-25 08:40:00,       -0.87837
2016-01-25 09:00:00,      -0.843015
2016-01-25 09:20:00,      -0.783836
2016-01-25 09:40:00,      -0.701794
2016-01-25 10:00:00,      -0.599261
2016-01-25 10:20:00,       -0.47906
2016-01-25 10:40:00,      -0.345013
2016-01-25 11:00:00,      -0.200606
2016-01-25 11:20:00,     -0.0502242
2016-01-25 11:40:00,       0.101863
2016-01-25 12:00:00,       0.251442
2016-01-25 12:20:00,        0.39419
2016-01-25 12:40:00,       0.525879
2016-01-25 13:00:00,       0.642693
2016-01-25 13:20:00,       0.741001
2016-01-25 13:40:00,       0.818156
2016-01-25 14:00:00,       0.871892
2016-01-25 14:20:00,       0.900579
2016-01-25 14:40:00,       0.903488
2016-01-25 15:00:00,        0.88055
2016-01-25 15:20:00,       0.831765
2016-01-25 15:40:00,       0.759333
2016-01-25 16:00:00,       0.664945
2016-01-25 16:20:00,       0.551496
2016-01-25 16:40:00,       0.422383
2016-01-25 17:00:00,       0.281109
2016-01-25 17:20:00,       0.132074
2016-01-25 17:40:00,     -0.0205948
2016-01-25 18:00:00,      -0.172399
2016-01-25 18:20:00,      -0.319002
2016-01-25 18:40:00,      -0.456093
2016-01-25 19:00:00,      -0.579705
2016-01-25 19:20:00,      -0.686118
2016-01-25 19:40:00,      -0.772411
2016-01-25 20:00:00,      -0.835963
2016-01-25 20:20:00,      -0.875004
2016-01-25 20:40:00,      -0.888452
2016-01-25 21:00:00,      -0.875888
2016-01-25 21:20:00,      -0.837718
2016-01-25 21:40:00,      -0.775028
2016-01-25 22:00:00,      -0.689781
2016-01-25 22:20:00,      -0.584355
2016-01-25 22:40:00,      -0.461858
2016-01-25 23:00:00,      -0.326081
2016-01-25 23:20:00,      -0.180573
2016-01-25 23:40:00,     -0.0300615
2016-01-26 00:00:00,       0.121452
2016-01-26 00:20:00,       0.269181
2016-01-26 00:40:00,       0.409227
2016-01-26 01:00:00,       0.537254
2016-01-26 01:20:00,       0.649617
2016-01-26 01:40:00,       0.743523
2016-01-26 02:00:00,       0.815365
2016-01-26 02:20:00,       0.863859
2016-01-26 02:40:00,       0.887139
2016-01-26 03:00:00,       0.884961
2016-01-26 03:20:00,       0.856903
2016-01-26 03:40:00,       0.804393
2016-01-26 04:00:00,       0.728324
2016-01-26 04:20:00,       0.631397
2016-01-26 04:40:00,       0.516362
2016-01-26 05:00:00,        0.38625
2016-01-26 05:20:00,       0.245433
2016-01-26 05:40:00,      0.0974333
2016-01-26 06:00:00,     -0.0531101
2016-01-26 06:20:00,      -0.201688
2016-01-26 06:40:00,      -0.344356
2016-01-26 07:00:00,      -0.476651
2016-01-26 07:20:00,      -0.594965
2016-01-26 07:40:00,      -0.695737
2016-01-26 08:00:00,       -0.77604
2016-01-26 08:20:00,      -0.833704
2016-01-26 08:40:00,      -0.866796
2016-01-26 09:00:00,      -0.874616
2016-01-26 09:20:00,      -0.857569
2016-01-26 09:40:00,      -0.815338
2016-01-26 10:00:00,      -0.749326
2016-01-26 10:20:00,      -0.661035
2016-01-26 10:40:00,      -0.553657
2016-01-26 11:00:00,      -0.429949
2016-01-26 11:20:00,       -0.29375
2016-01-26 11:40:00,      -0.149264
2016-01-26 12:00:00,   -0.000246793
2016-01-26 12:20:00,       0.148267
2016-01-26 12:40:00,       0.292499
2016-01-26 13:00:00,       0.428412
2016-01-26 13:20:00,       0.551756
2016-01-26 13:40:00,       0.658778
2016-01-26 14:00:00,       0.747174
2016-01-26 14:20:00,       0.813289
2016-01-26 14:40:00,       0.856107
2016-01-26 15:00:00,       0.874024
2016-01-26 15:20:00,       0.866487
2016-01-26 15:40:00,       0.834053
2016-01-26 16:00:00,       0.777417
2016-01-26 16:20:00,       0.698327
2016-01-26 16:40:00,       0.598876
2016-01-26 17:00:00,        0.48226
2016-01-26 17:20:00,       0.351696
2016-01-26 17:40:00,       0.211083
2016-01-26 18:00:00,      0.0641411
2016-01-26 18:20:00,     -0.0844014
2016-01-26 18:40:00,       -0.23053
2016-01-26 19:00:00,      -0.369999
2016-01-26 19:20:00,      -0.498702
2016-01-26 19:40:00,      -0.613187
2016-01-26 20:00:00,       -0.71003
2016-01-26 20:20:00,      -0.786583
2016-01-26 20:40:00,      -0.840513
2016-01-26 21:00:00,      -0.870504
2016-01-26 21:20:00,       -0.87578
2016-01-26 21:40:00,      -0.856314
2016-01-26 22:00:00,      -0.812806
2016-01-26 22:20:00,      -0.746455
2016-01-26 22:40:00,      -0.659425
2016-01-26 23:00:00,      -0.554443
2016-01-26 23:20:00,      -0.434371
2016-01-26 23:40:00,      -0.302829
2016-01-27 00:00:00,      -0.164161
2016-01-27 00:20:00,     -0.0228415
2016-01-27 00:40:00,       0.117963
2016-01-27 01:00:00,        0.25402
2016-01-27 01:20:00,         0.3811
2016-01-27 01:40:00,       0.494954
2016-01-27 02:00:00,       0.593368
2016-01-27 02:20:00,       0.672791
2016-01-27 02:40:00,       0.730741
2016-01-27 03:00:00,       0.765761
2016-01-27 03:20:00,       0.776242
2016-01-27 03:40:00,       0.762055
2016-01-27 04:00:00,        0.72381
2016-01-27 04:20:00,        0.66279
2016-01-27 04:40:00,       0.580569
2016-01-27 05:00:00,       0.478931
2016-01-27 05:20:00,       0.360943
2016-01-27 05:40:00,       0.230702
2016-01-27 06:00:00,      0.0920319
2016-01-27 06:20:00,     -0.0514291
2016-01-27 06:40:00,      -0.194865
2016-01-27 07:00:00,      -0.333942
2016-01-27 07:20:00,      -0.464964
2016-01-27 07:40:00,      -0.584636
2016-01-27 08:00:00,      -0.689068
2016-01-27 08:20:00,       -0.77522
2016-01-27 08:40:00,       -0.84137
2016-01-27 09:00:00,      -0.885166
2016-01-27 09:20:00,      -0.905447
2016-01-27 09:40:00,      -0.902029
2016-01-27 10:00:00,      -0.874875
2016-01-27 10:20:00,      -0.824571
2016-01-27 10:40:00,       -0.75273
2016-01-27 11:00:00,      -0.661239
2016-01-27 11:20:00,      -0.552957
2016-01-27 11:40:00,      -0.430835
2016-01-27 12:00:00,      -0.298372
2016-01-27 12:20:00,      -0.161096
2016-01-27 12:40:00,      -0.021585
2016-01-27 13:00:00,       0.116232
2016-01-27 13:20:00,       0.248697
2016-01-27 13:40:00,       0.371816
2016-01-27 14:00:00,       0.482073
2016-01-27 14:20:00,       0.576335
2016-01-27 14:40:00,       0.652009
2016-01-27 15:00:00,       0.706832
2016-01-27 15:20:00,       0.744659
2016-01-27 15:40:00,       0.760007
2016-01-27 16:00:00,       0.751678
2016-01-27 16:20:00,       0.718802
2016-01-27 16:40:00,       0.662604
2016-01-27 17:00:00,       0.585185
2016-01-27 17:20:00,       0.488351
2016-01-27 17:40:00,       0.376446
2016-01-27 18:00:00,       0.252933
2016-01-27 18:20:00,       0.123361
2016-01-27 18:40:00,    -0.00937827
2016-01-27 19:00:00,      -0.142489
2016-01-27 19:20:00,      -0.272252
2016-01-27 19:40:00,      -0.394224
2016-01-27 20:00:00,      -0.505578
2016-01-27 20:20:00,      -0.602345
2016-01-27 20:40:00,      -0.681771
2016-01-27 21:00:00,       -0.74194
2016-01-27 21:20:00,      -0.780604
2016-01-27 21:40:00,      -0.797094
2016-01-27 22:00:00,      -0.790413
2016-01-27 22:20:00,      -0.761001
2016-01-27 22:40:00,      -0.710078
2016-01-27 23:00:00,      -0.638641
2016-01-27 23:20:00,      -0.549246
2016-01-27 23:40:00,      -0.444202
2016-01-28 00:00:00,      -0.326661
2016-01-28 00:20:00,      -0.200182
2016-01-28 00:40:00,     -0.0680377
2016-01-28 01:00:00,      0.0656085
2016-01-28 01:20:00,       0.197034
2016-01-28 01:40:00,       0.322577
2016-01-28 02:00:00,       0.438522
2016-01-28 02:20:00,       0.541577
2016-01-28 02:40:00,       0.629105
2016-01-28 03:00:00,       0.697855
2016-01-28 03:20:00,       0.746709
2016-01-28 03:40:00,       0.773901
2016-01-28 04:00:00,       0.778698
2016-01-28 04:20:00,       0.761195
2016-01-28 04:40:00,       0.721707
2016-01-28 05:00:00,        0.66174
2016-01-28 05:20:00,       0.583042
2016-01-28 05:40:00,       0.487781
2016-01-28 06:00:00,       0.379005
2016-01-28 06:20:00,       0.259838
2016-01-28 06:40:00,       0.133673
2016-01-28 07:00:00,     0.00445101
2016-01-28 07:20:00,      -0.124252
2016-01-28 07:40:00,      -0.248758
2016-01-28 08:00:00,      -0.365281
2016-01-28 08:20:00,      -0.470728
2016-01-28 08:40:00,       -0.56193
2016-01-28 09:00:00,      -0.636391
2016-01-28 09:20:00,      -0.692122
2016-01-28 09:40:00,      -0.727241
2016-01-28 10:00:00,      -0.741078
2016-01-28 10:20:00,       -0.73309
2016-01-28 10:40:00,      -0.703715
2016-01-28 11:00:00,      -0.653775
2016-01-28 11:20:00,      -0.584816
2016-01-28 11:40:00,      -0.498956
2016-01-28 12:00:00,      -0.398613
2016-01-28 12:20:00,      -0.287302
2016-01-28 12:40:00,      -0.167974
2016-01-28 13:00:00,     -0.0439799
2016-01-28 13:20:00,      0.0810372
2016-01-28 13:40:00,       0.203484
2016-01-28 14:00:00,        0.31982
2016-01-28 14:20:00,       0.426801
2016-01-28 14:40:00,       0.521416
2016-01-28 15:00:00,       0.600749
2016-01-28 15:20:00,       0.662616
2016-01-28 15:40:00,       0.705409
2016-01-28 16:00:00,       0.727903
2016-01-28 16:20:00,       0.729638
2016-01-28 16:40:00,       0.710407
2016-01-28 17:00:00,       0.671136
2016-01-28 17:20:00,       0.612682
2016-01-28 17:40:00,       0.537079
2016-01-28 18:00:00,       0.446565
2016-01-28 18:20:00,         0.3436
2016-01-28 18:40:00,        0.23148
2016-01-28 19:00:00,       0.113217
2016-01-28 19:20:00,    -0.00758124
2016-01-28 19:40:00,      -0.127459
2016-01-28 20:00:00,       -0.24302
2016-01-28 20:20:00,      -0.350852
2016-01-28 20:40:00,      -0.448006
2016-01-28 21:00:00,      -0.531627
2016-01-28 21:20:00,      -0.599441
2016-01-28 21:40:00,      -0.649571
2016-01-28 22:00:00,      -0.680535
2016-01-28 22:20:00,      -0.691757
2016-01-28 22:40:00,      -0.682853
2016-01-28 23:00:00,      -0.654194
2016-01-28 23:20:00,      -0.606702
2016-01-28 23:40:00,      -0.541819
2016-01-29 00:00:00,      -0.461553
2016-01-29 00:20:00,      -0.368362
2016-01-29 00:40:00,      -0.264851
2016-01-29 01:00:00,      -0.154108
2016-01-29 01:20:00,       -0.03934
2016-01-29 01:40:00,      0.0761023
2016-01-29 02:00:00,       0.188985
2016-01-29 02:20:00,       0.295786
2016-01-29 02:40:00,       0.393776
2016-01-29 03:00:00,       0.480049
2016-01-29 03:20:00,       0.552299
2016-01-29 03:40:00,       0.608126
2016-01-29 04:00:00,       0.646478
2016-01-29 04:20:00,       0.665974
2016-01-29 04:40:00,       0.666178
2016-01-29 05:00:00,       0.647526
2016-01-29 05:20:00,       0.610099
2016-01-29 05:40:00,       0.555664
2016-01-29 06:00:00,       0.485343
2016-01-29 06:20:00,       0.401558
2016-01-29 06:40:00,       0.306692
2016-01-29 07:00:00,       0.203532
2016-01-29 07:20:00,      0.0952167
2016-01-29 07:40:00,     -0.0152929
2016-01-29 08:00:00,      -0.124635
2016-01-29 08:20:00,      -0.229843
2016-01-29 08:40:00,      -0.327793
2016-01-29 09:00:00,      -0.415712
2016-01-29 09:20:00,      -0.491097
2016-01-29 09:40:00,      -0.551937
2016-01-29 10:00:00,      -0.596455
2016-01-29 10:20:00,      -0.623609
2016-01-29 10:40:00,      -0.632498
2016-01-29 11:00:00,      -0.623069
2016-01-29 11:20:00,      -0.595816
2016-01-29 11:40:00,      -0.551377
2016-01-29 12:00:00,      -0.491273
2016-01-29 12:20:00,       -0.41744
2016-01-29 12:40:00,      -0.331857
2016-01-29 13:00:00,      -0.237256
2016-01-29 13:20:00,      -0.136164
2016-01-29 13:40:00,     -0.0315329
2016-01-29 14:00:00,      0.0734089
2016-01-29 14:20:00,       0.175915
2016-01-29 14:40:00,       0.272984
2016-01-29 15:00:00,       0.361656
2016-01-29 15:20:00,       0.439468
2016-01-29 15:40:00,       0.503981
2016-01-29 16:00:00,       0.553855
2016-01-29 16:20:00,       0.587504
2016-01-29 16:40:00,       0.604249
2016-01-29 17:00:00,       0.603711
2016-01-29 17:20:00,       0.585801
2016-01-29 17:40:00,       0.551548
2016-01-29 18:00:00,       0.501558
2016-01-29 18:20:00,       0.437756
2016-01-29 18:40:00,       0.361805
2016-01-29 19:00:00,       0.275766
2016-01-29 19:20:00,       0.182489
2016-01-29 19:40:00,      0.0843669
2016-01-29 20:00:00,     -0.0155505
2016-01-29 20:20:00,      -0.114423
2016-01-29 20:40:00,      -0.209547
2016-01-29 21:00:00,      -0.298029
2016-01-29 21:20:00,      -0.377582
2016-01-29 21:40:00,      -0.445955
2016-01-29 22:00:00,      -0.501131
2016-01-29 22:20:00,      -0.541803
2016-01-29 22:40:00,      -0.566717
2016-01-29 23:00:00,       -0.57539
2016-01-29 23:20:00,      -0.567627
2016-01-29 23:40:00,      -0.543725
2016-01-30 00:00:00,      -0.504553
2016-01-30 00:20:00,      -0.451623
2016-01-30 00:40:00,       -0.38631
2016-01-30 01:00:00,      -0.310662
2016-01-30 01:20:00,      -0.226688
2016-01-30 01:40:00,       -0.13713
2016-01-30 02:00:00,     -0.0444013
2016-01-30 02:20:00,      0.0487193
2016-01-30 02:40:00,       0.139414
2016-01-30 03:00:00,       0.225439
2016-01-30 03:20:00,       0.303732
2016-01-30 03:40:00,       0.372544
2016-01-30 04:00:00,       0.429991
2016-01-30 04:20:00,       0.474474
2016-01-30 04:40:00,       0.504745
2016-01-30 05:00:00,       0.520048
2016-01-30 05:20:00,       0.519897
2016-01-30 05:40:00,        0.50452
2016-01-30 06:00:00,       0.474217
2016-01-30 06:20:00,       0.430628
2016-01-30 06:40:00,       0.374399
2016-01-30 07:00:00,        0.30732
2016-01-30 07:20:00,       0.231072
2016-01-30 07:40:00,       0.147931
2016-01-30 08:00:00,      0.0602468
2016-01-30 08:20:00,     -0.0295921
2016-01-30 08:40:00,      -0.118674
2016-01-30 09:00:00,      -0.203674
2016-01-30 09:20:00,      -0.283661
2016-01-30 09:40:00,      -0.356204
2016-01-30 10:00:00,      -0.418808
2016-01-30 10:20:00,      -0.469457
2016-01-30 10:40:00,      -0.508254
2016-01-30 11:00:00,      -0.533457
2016-01-30 11:20:00,      -0.543708
2016-01-30 11:40:00,      -0.539518
2016-01-30 12:00:00,      -0.520788
2016-01-30 12:20:00,      -0.489557
2016-01-30 12:40:00,      -0.446168
2016-01-30 13:00:00,      -0.391831
2016-01-30 13:20:00,      -0.327923
2016-01-30 13:40:00,      -0.256464
2016-01-30 14:00:00,      -0.179494
2016-01-30 14:20:00,     -0.0992712
2016-01-30 14:40:00,      -0.018023
2016-01-30 15:00:00,      0.0617456
2016-01-30 15:20:00,        0.13872
2016-01-30 15:40:00,       0.209565
2016-01-30 16:00:00,       0.272182
2016-01-30 16:20:00,       0.324064
2016-01-30 16:40:00,        0.36455
2016-01-30 17:00:00,       0.393628
2016-01-30 17:20:00,       0.410039
2016-01-30 17:40:00,       0.413887
2016-01-30 18:00:00,       0.404749
2016-01-30 18:20:00,       0.382177
2016-01-30 18:40:00,       0.347124
2016-01-30 19:00:00,       0.301207
2016-01-30 19:20:00,        0.24799
2016-01-30 19:40:00,       0.189811
2016-01-30 20:00:00,       0.126767
2016-01-30 20:20:00,      0.0585287
2016-01-30 20:40:00,     -0.0147271
2016-01-30 21:00:00,     -0.0905473
2016-01-30 21:20:00,      -0.165225
2016-01-30 21:40:00,      -0.235285
2016-01-30 22:00:00,      -0.298225
2016-01-30 22:20:00,      -0.352469
2016-01-30 22:40:00,      -0.397498
2016-01-30 23:00:00,       -0.43235
2016-01-30 23:20:00,      -0.456529
2016-01-30 23:40:00,      -0.468858
2016-01-31 00:00:00,      -0.468534
2016-01-31 00:20:00,      -0.455192
2016-01-31 00:40:00,      -0.429187
2016-01-31 01:00:00,      -0.391734
2016-01-31 01:20:00,       -0.34414
2016-01-31 01:40:00,      -0.288072
2016-01-31 02:00:00,      -0.225202
2016-01-31 02:20:00,      -0.157336
2016-01-31 02:40:00,     -0.0864263
2016-01-31 03:00:00,     -0.0143509
2016-01-31 03:20:00,      0.0569525
2016-01-31 03:40:00,       0.125471
2016-01-31 04:00:00,       0.189576
2016-01-31 04:20:00,       0.247507
2016-01-31 04:40:00,       0.297949
2016-01-31 05:00:00,       0.339289
2016-01-31 05:20:00,         0.3706
2016-01-31 05:40:00,       0.391184
2016-01-31 06:00:00,        0.40061
2016-01-31 06:20:00,       0.398748
2016-01-31 06:40:00,       0.385829
2016-01-31 07:00:00,       0.362222
2016-01-31 07:20:00,       0.328727
2016-01-31 07:40:00,       0.286465
2016-01-31 08:00:00,        0.23666
2016-01-31 08:20:00,       0.180741
2016-01-31 08:40:00,       0.120481
2016-01-31 09:00:00,      0.0575297
2016-01-31 09:20:00,     -0.0062377
2016-01-31 09:40:00,     -0.0691541
2016-01-31 10:00:00,      -0.129338
2016-01-31 10:20:00,      -0.185342
2016-01-31 10:40:00,      -0.235661
2016-01-31 11:00:00,      -0.278977
2016-01-31 11:20:00,      -0.314328
2016-01-31 11:40:00,       -0.34081
2016-01-31 12:00:00,       -0.35786
2016-01-31 12:20:00,      -0.366304
2016-01-31 12:40:00,      -0.364359
2016-01-31 13:00:00,      -0.352579
2016-01-31 13:20:00,      -0.330773
2016-01-31 13:40:00,      -0.300205
2016-01-31 14:00:00,       -0.26169
2016-01-31 14:20:00,      -0.216159
2016-01-31 14:40:00,      -0.165386
2016-01-31 15:00:00,      -0.110437
2016-01-31 15:20:00,     -0.0529028
2016-01-31 15:40:00,     0.00526469
2016-01-31 16:00:00,      0.0627319
2016-01-31 16:20:00,       0.117351
2016-01-31 16:40:00,       0.168227
2016-01-31 17:00:00,       0.213591
2016-01-31 17:20:00,       0.252264
2016-01-31 17:40:00,       0.283425
2016-01-31 18:00:00,       0.305952
2016-01-31 18:20:00,       0.319633
2016-01-31 18:40:00,       0.323847
2016-01-31 19:00:00,       0.318776
2016-01-31 19:20:00,       0.304718
2016-01-31 19:40:00,       0.282239
2016-01-31 20:00:00,       0.251963
2016-01-31 20:20:00,       0.214667
2016-01-31 20:40:00,       0.171433
2016-01-31 21:00:00,       0.123445
2016-01-31 21:20:00,      0.0722751
2016-01-31 21:40:00,      0.0193308
2016-01-31 22:00:00,     -0.0338111
2016-01-31 22:20:00,     -0.0858259
2016-01-31 22:40:00,      -0.135442
2016-01-31 23:00:00,      -0.181311
2016-01-31 23:20:00,       -0.22241
2016-01-31 23:40:00,      -0.257597
2016-02-01 00:00:00,      -0.286038
2016-02-01 00:20:00,      -0.307332
2016-02-01 00:40:00,      -0.320532
2016-02-01 01:00:00,      -0.325528
2016-02-01 01:20:00,      -0.321968
2016-02-01 01:40:00,      -0.310184
2016-02-01 02:00:00,      -0.290594
2016-02-01 02:20:00,      -0.263594
2016-02-01 02:40:00,      -0.230209
2016-02-01 03:00:00,      -0.191165
2016-02-01 03:20:00,      -0.147157
2016-02-01 03:40:00,     -0.0998754
2016-02-01 04:00:00,     -0.0502561
2016-02-01 04:20:00,   -4.01844e-05
2016-02-01 04:40:00,      0.0498134
2016-02-01 05:00:00,      0.0978906
2016-02-01 05:20:00,       0.142914
2016-02-01 05:40:00,        0.18369
2016-02-01 06:00:00,       0.219238
2016-02-01 06:20:00,       0.248265
2016-02-01 06:40:00,       0.270462
2016-02-01 07:00:00,       0.284925
2016-02-01 07:20:00,       0.291446
2016-02-01 07:40:00,       0.290187
2016-02-01 08:00:00,       0.280858
2016-02-01 08:20:00,       0.264392
2016-02-01 08:40:00,       0.240814
2016-02-01 09:00:00,       0.210911
2016-02-01 09:20:00,       0.175609
2016-02-01 09:40:00,       0.135583
2016-02-01 10:00:00,      0.0922735
2016-02-01 10:20:00,       0.046356
2016-02-01 10:40:00,     -0.0011298
2016-02-01 11:00:00,     -0.0489655
2016-02-01 11:20:00,     -0.0966203
2016-02-01 11:40:00,      -0.142474
2016-02-01 12:00:00,      -0.183094
2016-02-01 12:20:00,      -0.219372
2016-02-01 12:40:00,      -0.251939
2016-02-01 13:00:00,      -0.279277
2016-02-01 13:20:00,      -0.297587
2016-02-01 13:40:00,      -0.308337
2016-02-01 14:00:00,      -0.312161
2016-02-01 14:20:00,      -0.308407
2016-02-01 14:40:00,      -0.296857
2016-02-01 15:00:00,      -0.277881
2016-02-01 15:20:00,      -0.252542
2016-02-01 15:40:00,      -0.221662
2016-02-01 16:00:00,      -0.185867
2016-02-01 16:20:00,      -0.146253
2016-02-01 16:40:00,      -0.103933
2016-02-01 17:00:00,     -0.0600904
2016-02-01 17:20:00,     -0.0160194
2016-02-01 17:40:00,      0.0272201
2016-02-01 18:00:00,      0.0683108
2016-02-01 18:20:00,       0.106736
2016-02-01 18:40:00,       0.140836
2016-02-01 19:00:00,       0.169738
2016-02-01 19:20:00,       0.193046
2016-02-01 19:40:00,       0.210455
2016-02-01 20:00:00,       0.221536
2016-02-01 20:20:00,       0.224872
2016-02-01 20:40:00,       0.219914
2016-02-01 21:00:00,       0.207109
2016-02-01 21:20:00,       0.187375
2016-02-01 21:40:00,       0.161757
2016-02-01 22:00:00,       0.130701
2016-02-01 22:20:00,      0.0951362
2016-02-01 22:40:00,      0.0556689
2016-02-01 23:00:00,      0.0136303
2016-02-01 23:20:00,     -0.0300024
2016-02-01 23:40:00,     -0.0742661
2016-02-02 00:00:00,      -0.118116
2016-02-02 00:20:00,      -0.160538
2016-02-02 00:40:00,      -0.200272
2016-02-02 01:00:00,      -0.236193
2016-02-02 01:20:00,      -0.267609
2016-02-02 01:40:00,      -0.293973
2016-02-02 02:00:00,      -0.314478
2016-02-02 02:20:00,      -0.328081
2016-02-02 02:40:00,       -0.33431
2016-02-02 03:00:00,      -0.333411
2016-02-02 03:20:00,      -0.325982
2016-02-02 03:40:00,      -0.312052
2016-02-02 04:00:00,      -0.291275
2016-02-02 04:20:00,       -0.26363
2016-02-02 04:40:00,      -0.230287
2016-02-02 05:00:00,      -0.192651
2016-02-02 05:20:00,      -0.152054
2016-02-02 05:40:00,      -0.108945
2016-02-02 06:00:00,     -0.0641564
2016-02-02 06:20:00,     -0.0181876
2016-02-02 06:40:00,      0.0272754
2016-02-02 07:00:00,      0.0704641
2016-02-02 07:20:00,       0.110284
2016-02-02 07:40:00,       0.145747
2016-02-02 08:00:00,       0.176816
2016-02-02 08:20:00,       0.202053
2016-02-02 08:40:00,       0.220675
2016-02-02 09:00:00,        0.23203
2016-02-02 09:20:00,       0.235359
2016-02-02 09:40:00,       0.231306
2016-02-02 10:00:00,       0.219898
2016-02-02 10:20:00,       0.201283
2016-02-02 10:40:00,       0.175912
2016-02-02 11:00:00,       0.144338
2016-02-02 11:20:00,       0.107418
2016-02-02 11:40:00,      0.0661295
2016-02-02 12:00:00,      0.0216016
2016-02-02 12:20:00,     -0.0250407
2016-02-02 12:40:00,     -0.0725098
2016-02-02 13:00:00,      -0.119771
2016-02-02 13:20:00,      -0.165911
2016-02-02 13:40:00,      -0.209902
2016-02-02 14:00:00,      -0.250294
2016-02-02 14:20:00,      -0.285762
2016-02-02 14:40:00,      -0.314714
2016-02-02 15:00:00,      -0.336373
2016-02-02 15:20:00,      -0.349534
2016-02-02 15:40:00,      -0.353044
2016-02-02 16:00:00,       -0.34651
2016-02-02 16:20:00,      -0.330963
2016-02-02 16:40:00,      -0.307378
2016-02-02 17:00:00,      -0.277152
2016-02-02 17:20:00,      -0.240813
2016-02-02 17:40:00,       -0.19904
2016-02-02 18:00:00,      -0.152885
2016-02-02 18:20:00,      -0.103439
2016-02-02 18:40:00,      -0.051479
2016-02-02 19:00:00,     0.00174083
2016-02-02 19:20:00,      0.0548592
2016-02-02 19:40:00,       0.105933
2016-02-02 20:00:00,       0.154073
2016-02-02 20:20:00,       0.197637
2016-02-02 20:40:00,       0.235297
2016-02-02 21:00:00,       0.266701
2016-02-02 21:20:00,       0.291843
2016-02-02 21:40:00,       0.309061
2016-02-02 22:00:00,       0.317687
2016-02-02 22:20:00,       0.316885
2016-02-02 22:40:00,       0.307382
2016-02-02 23:00:00,       0.289127
2016-02-02 23:20:00,       0.262673
2016-02-02 23:40:00,       0.229084
2016-02-03 00:00:00,       0.188828
2016-02-03 00:20:00,       0.143228
2016-02-03 00:40:00,      0.0932354
2016-02-03 01:00:00,      0.0398596
2016-02-03 01:20:00,     -0.0152941
2016-02-03 01:40:00,     -0.0705508
2016-02-03 02:00:00,      -0.124557
2016-02-03 02:20:00,      -0.175425
2016-02-03 02:40:00,      -0.222028
2016-02-03 03:00:00,      -0.262868
2016-02-03 03:20:00,      -0.296723
2016-02-03 03:40:00,      -0.322783
2016-02-03 04:00:00,      -0.340091
2016-02-03 04:20:00,      -0.348143
2016-02-03 04:40:00,      -0.346681
2016-02-03 05:00:00,      -0.335504
2016-02-03 05:20:00,      -0.315103
2016-02-03 05:40:00,      -0.285674
2016-02-03 06:00:00,      -0.248125
2016-02-03 06:20:00,      -0.203256
2016-02-03 06:40:00,      -0.152228
2016-02-03 07:00:00,     -0.0964917
2016-02-03 07:20:00,     -0.0374133
2016-02-03 07:40:00,      0.0233069
2016-02-03 08:00:00,      0.0840014
2016-02-03 08:20:00,        0.14291
2016-02-03 08:40:00,        0.19864
2016-02-03 09:00:00,       0.249312
2016-02-03 09:20:00,       0.293527
2016-02-03 09:40:00,       0.330092
2016-02-03 10:00:00,       0.357815
2016-02-03 10:20:00,       0.376029
2016-02-03 10:40:00,       0.383971
2016-02-03 11:00:00,       0.381418
2016-02-03 11:20:00,       0.368083
2016-02-03 11:40:00,        0.34456
2016-02-03 12:00:00,       0.311196
2016-02-03 12:20:00,       0.268558
2016-02-03 12:40:00,        0.21803
2016-02-03 13:00:00,       0.160754
2016-02-03 13:20:00,      0.0986161
2016-02-03 13:40:00,      0.0330231
2016-02-03 14:00:00,     -0.0340258
2016-02-03 14:20:00,      -0.100669
2016-02-03 14:40:00,      -0.165218
2016-02-03 15:00:00,      -0.225628
2016-02-03 15:20:00,      -0.280321
2016-02-03 15:40:00,      -0.327723
2016-02-03 16:00:00,      -0.366448
2016-02-03 16:20:00,      -0.395428
2016-02-03 16:40:00,      -0.413605
2016-02-03 17:00:00,      -0.420461
2016-02-03 17:20:00,      -0.415762
2016-02-03 17:40:00,      -0.399366
2016-02-03 18:00:00,      -0.371837
2016-02-03 18:20:00,      -0.334263
2016-02-03 18:40:00,      -0.287699
2016-02-03 19:00:00,      -0.233329
2016-02-03 19:20:00,      -0.172223
2016-02-03 19:40:00,      -0.105898
2016-02-03 20:00:00,     -0.0356494
2016-02-03 20:20:00,      0.0368775
2016-02-03 20:40:00,       0.109419
2016-02-03 21:00:00,        0.18079
2016-02-03 21:20:00,       0.248398
2016-02-03 21:40:00,       0.309409
2016-02-03 22:00:00,        0.36167
2016-02-03 22:20:00,       0.402752
2016-02-03 22:40:00,       0.434329
2016-02-03 23:00:00,       0.454142
2016-02-03 23:20:00,       0.459809
2016-02-03 23:40:00,       0.452113
2016-02-04 00:00:00,       0.430645
2016-02-04 00:20:00,        0.39632
2016-02-04 00:40:00,       0.350312
2016-02-04 01:00:00,       0.294514
2016-02-04 01:20:00,       0.230378
2016-02-04 01:40:00,       0.159485
2016-02-04 02:00:00,      0.0838982
2016-02-04 02:20:00,     0.00603716
2016-02-04 02:40:00,     -0.0723683
2016-02-04 03:00:00,      -0.148833
2016-02-04 03:20:00,      -0.220945
2016-02-04 03:40:00,      -0.287329
2016-02-04 04:00:00,       -0.34581
2016-02-04 04:20:00,      -0.395061
2016-02-04 04:40:00,      -0.433208
2016-02-04 05:00:00,      -0.459154
2016-02-04 05:20:00,      -0.472235
2016-02-04 05:40:00,      -0.471696
2016-02-04 06:00:00,      -0.457577
2016-02-04 06:20:00,      -0.430334
2016-02-04 06:40:00,      -0.390272
2016-02-04 07:00:00,      -0.338642
2016-02-04 07:20:00,       -0.27643
2016-02-04 07:40:00,      -0.205604
2016-02-04 08:00:00,      -0.128099
2016-02-04 08:20:00,     -0.0460322
2016-02-04 08:40:00,      0.0381481
2016-02-04 09:00:00,       0.122171
2016-02-04 09:20:00,        0.20371
2016-02-04 09:40:00,       0.280156
2016-02-04 10:00:00,       0.349763
2016-02-04 10:20:00,       0.409994
2016-02-04 10:40:00,       0.459246
2016-02-04 11:00:00,       0.496111
2016-02-04 11:20:00,        0.51913
2016-02-04 11:40:00,       0.527852
2016-02-04 12:00:00,       0.521764
2016-02-04 12:20:00,       0.500819
2016-02-04 12:40:00,       0.465741
2016-02-04 13:00:00,       0.417119
2016-02-04 13:20:00,       0.356753
2016-02-04 13:40:00,       0.285964
2016-02-04 14:00:00,       0.206751
2016-02-04 14:20:00,       0.121499
2016-02-04 14:40:00,      0.0324029
2016-02-04 15:00:00,     -0.0580022
2016-02-04 15:20:00,      -0.147119
2016-02-04 15:40:00,      -0.232395
2016-02-04 16:00:00,      -0.311382
2016-02-04 16:20:00,      -0.381623
2016-02-04 16:40:00,      -0.441233
2016-02-04 17:00:00,      -0.488223
2016-02-04 17:20:00,      -0.521375
2016-02-04 17:40:00,      -0.539573
2016-02-04 18:00:00,      -0.542157
2016-02-04 18:20:00,      -0.529238
2016-02-04 18:40:00,      -0.500775
2016-02-04 19:00:00,      -0.457628
2016-02-04 19:20:00,       -0.40076
2016-02-04 19:40:00,      -0.331831
2016-02-04 20:00:00,      -0.252797
2016-02-04 20:20:00,      -0.165816
2016-02-04 20:40:00,     -0.0733966
2016-02-04 21:00:00,      0.0219089
2016-02-04 21:20:00,       0.117557
2016-02-04 21:40:00,       0.210425
2016-02-04 22:00:00,       0.298134
2016-02-04 22:20:00,       0.377828
2016-02-04 22:40:00,       0.447453
2016-02-04 23:00:00,       0.504827
2016-02-04 23:20:00,       0.548052
2016-02-04 23:40:00,       0.575899
2016-02-05 00:00:00,       0.587505
2016-02-05 00:20:00,       0.582272
2016-02-05 00:40:00,       0.560416
2016-02-05 01:00:00,       0.522346
2016-02-05 01:20:00,       0.469212
2016-02-05 01:40:00,       0.402412
2016-02-05 02:00:00,       0.323676
2016-02-05 02:20:00,       0.235302
2016-02-05 02:40:00,       0.139721
2016-02-05 03:00:00,      0.0396025
2016-02-05 03:20:00,     -0.0619056
2016-02-05 03:40:00,      -0.162277
2016-02-05 04:00:00,      -0.258356
2016-02-05 04:20:00,      -0.347517
2016-02-05 04:40:00,      -0.427115
2016-02-05 05:00:00,      -0.494662
2016-02-05 05:20:00,      -0.548326
2016-02-05 05:40:00,      -0.586332
2016-02-05 06:00:00,      -0.607517
2016-02-05 06:20:00,       -0.61129
2016-02-05 06:40:00,      -0.597241
2016-02-05 07:00:00,      -0.565769
2016-02-05 07:20:00,      -0.517498
2016-02-05 07:40:00,      -0.453821
2016-02-05 08:00:00,      -0.376453
2016-02-05 08:20:00,      -0.287564
2016-02-05 08:40:00,      -0.189656
2016-02-05 09:00:00,     -0.0853376
2016-02-05 09:20:00,      0.0219229
2016-02-05 09:40:00,       0.129468
2016-02-05 10:00:00,        0.23424
2016-02-05 10:20:00,        0.33311
2016-02-05 10:40:00,       0.423281
2016-02-05 11:00:00,       0.502253
2016-02-05 11:20:00,       0.567655
2016-02-05 11:40:00,       0.617427
2016-02-05 12:00:00,       0.650031
2016-02-05 12:20:00,       0.664438
2016-02-05 12:40:00,       0.660063
2016-02-05 13:00:00,       0.637203
2016-02-05 13:20:00,       0.596188
2016-02-05 13:40:00,       0.538201
2016-02-05 14:00:00,       0.464791
2016-02-05 14:20:00,       0.378039
2016-02-05 14:40:00,       0.280459
2016-02-05 15:00:00,       0.174796
2016-02-05 15:20:00,      0.0629004
2016-02-05 15:40:00,     -0.0510311
2016-02-05 16:00:00,      -0.163708
2016-02-05 16:20:00,      -0.271413
2016-02-05 16:40:00,      -0.371209
2016-02-05 17:00:00,      -0.460216
2016-02-05 17:20:00,      -0.535733
2016-02-05 17:40:00,      -0.595669
2016-02-05 18:00:00,      -0.638093
2016-02-05 18:20:00,      -0.661802
2016-02-05 18:40:00,       -0.66598
2016-02-05 19:00:00,      -0.650573
2016-02-05 19:20:00,       -0.61595
2016-02-05 19:40:00,      -0.562886
2016-02-05 20:00:00,      -0.493084
2016-02-05 20:20:00,      -0.408395
2016-02-05 20:40:00,      -0.311162
2016-02-05 21:00:00,      -0.204333
2016-02-05 21:20:00,     -0.0910228
2016-02-05 21:40:00,      0.0256123
2016-02-05 22:00:00,        0.14215
2016-02-05 22:20:00,       0.255426
2016-02-05 22:40:00,       0.361864
2016-02-05 23:00:00,       0.458653
2016-02-05 23:20:00,       0.542786
2016-02-05 23:40:00,       0.611461
2016-02-06 00:00:00,       0.663302
2016-02-06 00:20:00,       0.696264
2016-02-06 00:40:00,       0.709355
2016-02-06 01:00:00,       0.702015
2016-02-06 01:20:00,       0.674588
2016-02-06 01:40:00,       0.627368
2016-02-06 02:00:00,       0.562196
2016-02-06 02:20:00,       0.480542
2016-02-06 02:40:00,        0.38447
2016-02-06 03:00:00,       0.277259
2016-02-06 03:20:00,       0.161434
2016-02-06 03:40:00,      0.0406915
2016-02-06 04:00:00,     -0.0816126
2016-02-06 04:20:00,      -0.202029
2016-02-06 04:40:00,      -0.316819
2016-02-06 05:00:00,      -0.422899
2016-02-06 05:20:00,      -0.517025
2016-02-06 05:40:00,      -0.596414
2016-02-06 06:00:00,       -0.65881
2016-02-06 06:20:00,      -0.702141
2016-02-06 06:40:00,      -0.725172
2016-02-06 07:00:00,      -0.727168
2016-02-06 07:20:00,      -0.707834
2016-02-06 07:40:00,      -0.667808
2016-02-06 08:00:00,      -0.608024
2016-02-06 08:20:00,      -0.530207
2016-02-06 08:40:00,      -0.436528
2016-02-06 09:00:00,      -0.329618
2016-02-06 09:20:00,      -0.212841
2016-02-06 09:40:00,     -0.0892862
2016-02-06 10:00:00,      0.0373615
2016-02-06 10:20:00,       0.163611
2016-02-06 10:40:00,       0.285622
2016-02-06 11:00:00,       0.400035
2016-02-06 11:20:00,       0.503551
2016-02-06 11:40:00,       0.593049
2016-02-06 12:00:00,       0.665575
2016-02-06 12:20:00,       0.719586
2016-02-06 12:40:00,       0.752946
2016-02-06 13:00:00,       0.764916
2016-02-06 13:20:00,       0.754873
2016-02-06 13:40:00,       0.723101
2016-02-06 14:00:00,       0.670518
2016-02-06 14:20:00,       0.598521
2016-02-06 14:40:00,        0.50913
2016-02-06 15:00:00,       0.404841
2016-02-06 15:20:00,       0.288319
2016-02-06 15:40:00,       0.163138
2016-02-06 16:00:00,      0.0329469
2016-02-06 16:20:00,     -0.0984676
2016-02-06 16:40:00,      -0.227239
2016-02-06 17:00:00,      -0.349686
2016-02-06 17:20:00,      -0.462243
2016-02-06 17:40:00,      -0.561574
2016-02-06 18:00:00,       -0.64484
2016-02-06 18:20:00,      -0.709483
2016-02-06 18:40:00,      -0.753659
2016-02-06 19:00:00,      -0.776018
2016-02-06 19:20:00,      -0.775805
2016-02-06 19:40:00,      -0.753034
2016-02-06 20:00:00,      -0.708217
2016-02-06 20:20:00,      -0.642678
2016-02-06 20:40:00,      -0.558234
2016-02-06 21:00:00,      -0.457282
2016-02-06 21:20:00,      -0.342654
2016-02-06 21:40:00,      -0.217702
2016-02-06 22:00:00,     -0.0860187
2016-02-06 22:20:00,       0.048577
2016-02-06 22:40:00,       0.182127
2016-02-06 23:00:00,       0.310756
2016-02-06 23:20:00,       0.430892
2016-02-06 23:40:00,        0.53886
2016-02-07 00:00:00,       0.631484
2016-02-07 00:20:00,       0.706021
2016-02-07 00:40:00,       0.760325
2016-02-07 01:00:00,       0.792624
2016-02-07 01:20:00,       0.802015
2016-02-07 01:40:00,       0.788314
2016-02-07 02:00:00,       0.751458
2016-02-07 02:20:00,       0.692974
2016-02-07 02:40:00,       0.614074
2016-02-07 03:00:00,       0.517142
2016-02-07 03:20:00,       0.405037
2016-02-07 03:40:00,       0.280802
2016-02-07 04:00:00,       0.148242
2016-02-07 04:20:00,      0.0109524
2016-02-07 04:40:00,      -0.126949
2016-02-07 05:00:00,      -0.261495
2016-02-07 05:20:00,      -0.388791
2016-02-07 05:40:00,      -0.505039
2016-02-07 06:00:00,      -0.606894
2016-02-07 06:20:00,      -0.691363
2016-02-07 06:40:00,      -0.755828
2016-02-07 07:00:00,      -0.798528
2016-02-07 07:20:00,      -0.818061
2016-02-07 07:40:00,      -0.813817
2016-02-07 08:00:00,      -0.785917
2016-02-07 08:20:00,      -0.735004
2016-02-07 08:40:00,      -0.662573
2016-02-07 09:00:00,      -0.570647
2016-02-07 09:20:00,      -0.461836
2016-02-07 09:40:00,      -0.339313
2016-02-07 10:00:00,      -0.206554
2016-02-07 10:20:00,     -0.0674403
2016-02-07 10:40:00,      0.0740272
2016-02-07 11:00:00,       0.213703
2016-02-07 11:20:00,       0.347409
2016-02-07 11:40:00,       0.471647
2016-02-07 12:00:00,       0.582352
2016-02-07 12:20:00,       0.676433
2016-02-07 12:40:00,       0.751353
2016-02-07 13:00:00,       0.804404
2016-02-07 13:20:00,       0.834359
2016-02-07 13:40:00,       0.840233
2016-02-07 14:00:00,       0.821834
2016-02-07 14:20:00,       0.779282
2016-02-07 14:40:00,       0.714515
2016-02-07 15:00:00,       0.628655
2016-02-07 15:20:00,       0.524446
2016-02-07 15:40:00,       0.404981
2016-02-07 16:00:00,       0.273487
2016-02-07 16:20:00,       0.133983
2016-02-07 16:40:00,    -0.00968943
2016-02-07 17:00:00,      -0.153271
2016-02-07 17:20:00,      -0.292547
2016-02-07 17:40:00,      -0.423555
2016-02-07 18:00:00,      -0.542387
2016-02-07 18:20:00,      -0.645631
2016-02-07 18:40:00,      -0.730224
2016-02-07 19:00:00,      -0.793649
2016-02-07 19:20:00,      -0.834089
2016-02-07 19:40:00,      -0.850251
2016-02-07 20:00:00,      -0.841622
2016-02-07 20:20:00,       -0.80851
2016-02-07 20:40:00,        -0.7517
2016-02-07 21:00:00,      -0.672901
2016-02-07 21:20:00,      -0.574282
2016-02-07 21:40:00,      -0.458759
2016-02-07 22:00:00,       -0.32963
2016-02-07 22:20:00,      -0.190564
2016-02-07 22:40:00,     -0.0457679
2016-02-07 23:00:00,       0.100784
2016-02-07 23:20:00,       0.244592
2016-02-07 23:40:00,       0.381731
2016-02-08 00:00:00,       0.508017
2016-02-08 00:20:00,       0.619857
2016-02-08 00:40:00,        0.71376
2016-02-08 01:00:00,       0.787285
2016-02-08 01:20:00,       0.838073
2016-02-08 01:40:00,       0.864634
2016-02-08 02:00:00,       0.866204
2016-02-08 02:20:00,       0.842641
2016-02-08 02:40:00,       0.794673
2016-02-08 03:00:00,       0.723562
2016-02-08 03:20:00,       0.631733
2016-02-08 03:40:00,       0.521343
2016-02-08 04:00:00,       0.395832
2016-02-08 04:20:00,       0.258722
2016-02-08 04:40:00,       0.113949
2016-02-08 05:00:00,     -0.0341488
2016-02-08 05:20:00,      -0.181472
2016-02-08 05:40:00,      -0.323572
2016-02-08 06:00:00,      -0.456308
2016-02-08 06:20:00,      -0.576233
2016-02-08 06:40:00,      -0.679167
2016-02-08 07:00:00,      -0.762536
2016-02-08 07:20:00,      -0.823489
2016-02-08 07:40:00,       -0.86028
2016-02-08 08:00:00,      -0.871888
2016-02-08 08:20:00,      -0.857758
2016-02-08 08:40:00,      -0.818411
2016-02-08 09:00:00,      -0.754777
2016-02-08 09:20:00,      -0.669107
2016-02-08 09:40:00,      -0.563683
2016-02-08 10:00:00,      -0.441512
2016-02-08 10:20:00,      -0.306064
2016-02-08 10:40:00,      -0.161348
2016-02-08 11:00:00,     -0.0114256
2016-02-08 11:20:00,       0.139252
2016-02-08 11:40:00,       0.286603
2016-02-08 12:00:00,       0.426094
2016-02-08 12:20:00,       0.552958
2016-02-08 12:40:00,       0.663819
